grade,region_group,task_id,score
9,MO,№,1.0
9,MO,9.1,10.0
9,MO,9.2,10.0
9,MO,9.3,10.0
9,MO,9.4,9.0
9,MO,9.5,7.0
9,MO,9.6,10.0
9,MO,9.7,14.0
9,MO,9.8,15.0
9,MO,9.1.1,4.0
9,MO,9.2.1,4.0
9,MO,9.3.1,2.0
9,MO,9.4.1,5.0
9,MO,9.5.1,1.0
9,MO,9.6.1,4.0
9,MO,9.7.1,5.0
9,MO,Теор,56.0
9,MO,Прак,29.0
9,MO,Блиц,25.0
9,MO,№,2.0
9,MO,9.1,6.0
9,MO,9.2,10.0
9,MO,9.3,4.0
9,MO,9.4,8.0
9,MO,9.5,9.0
9,MO,9.6,9.0
9,MO,9.7,14.0
9,MO,9.8,15.0
9,MO,9.1.1,3.0
9,MO,9.2.1,4.0
9,MO,9.3.1,5.0
9,MO,9.4.1,5.0
9,MO,9.5.1,3.0
9,MO,9.6.1,5.0
9,MO,9.7.1,5.0
9,MO,Теор,46.0
9,MO,Прак,29.0
9,MO,Блиц,30.0
9,MO,№,3.0
9,MO,9.1,8.0
9,MO,9.2,6.0
9,MO,9.3,2.0
9,MO,9.4,10.0
9,MO,9.5,9.0
9,MO,9.6,10.0
9,MO,9.7,14.0
9,MO,9.8,14.0
9,MO,9.1.1,4.0
9,MO,9.2.1,2.0
9,MO,9.3.1,4.0
9,MO,9.4.1,5.0
9,MO,9.5.1,4.0
9,MO,9.6.1,5.0
9,MO,9.7.1,5.0
9,MO,Теор,45.0
9,MO,Прак,28.0
9,MO,Блиц,29.0
9,MO,№,4.0
9,MO,9.1,10.0
9,MO,9.2,0.0
9,MO,9.3,9.0
9,MO,9.4,9.0
9,MO,9.5,9.0
9,MO,9.6,10.0
9,MO,9.7,15.0
9,MO,9.8,15.0
9,MO,9.1.1,2.0
9,MO,9.2.1,4.0
9,MO,9.3.1,0.0
9,MO,9.4.1,4.0
9,MO,9.5.1,2.0
9,MO,9.6.1,4.0
9,MO,9.7.1,5.0
9,MO,Теор,47.0
9,MO,Прак,30.0
9,MO,Блиц,21.0
9,Rest,№,5.0
9,Rest,9.1,3.0
9,Rest,9.2,6.0
9,Rest,9.3,7.0
9,Rest,9.4,9.0
9,Rest,9.5,4.0
9,Rest,9.6,9.0
9,Rest,9.7,15.0
9,Rest,9.8,15.0
9,Rest,9.1.1,4.0
9,Rest,9.2.1,4.0
9,Rest,9.3.1,3.0
9,Rest,9.4.1,5.0
9,Rest,9.5.1,4.0
9,Rest,9.6.1,5.0
9,Rest,9.7.1,5.0
9,Rest,Теор,38.0
9,Rest,Прак,30.0
9,Rest,Блиц,30.0
9,MO,№,6.0
9,MO,9.1,4.0
9,MO,9.2,2.0
9,MO,9.3,2.0
9,MO,9.4,10.0
9,MO,9.5,6.0
9,MO,9.6,10.0
9,MO,9.7,15.0
9,MO,9.8,15.0
9,MO,9.1.1,3.0
9,MO,9.2.1,5.0
9,MO,9.3.1,5.0
9,MO,9.4.1,5.0
9,MO,9.5.1,5.0
9,MO,9.6.1,5.0
9,MO,9.7.1,5.0
9,MO,Теор,34.0
9,MO,Прак,30.0
9,MO,Блиц,33.0
9,Rest,№,7.0
9,Rest,9.1,1.0
9,Rest,9.2,10.0
9,Rest,9.3,7.0
9,Rest,9.4,8.0
9,Rest,9.5,4.0
9,Rest,9.6,10.0
9,Rest,9.7,15.0
9,Rest,9.8,14.0
9,Rest,9.1.1,4.0
9,Rest,9.2.1,5.0
9,Rest,9.3.1,2.0
9,Rest,9.4.1,2.0
9,Rest,9.5.1,4.0
9,Rest,9.6.1,5.0
9,Rest,9.7.1,5.0
9,Rest,Теор,40.0
9,Rest,Прак,29.0
9,Rest,Блиц,27.0
9,MO,№,8.0
9,MO,9.1,8.0
9,MO,9.2,6.0
9,MO,9.3,6.0
9,MO,9.4,6.0
9,MO,9.5,8.0
9,MO,9.6,8.0
9,MO,9.7,14.0
9,MO,9.8,11.0
9,MO,9.1.1,4.0
9,MO,9.2.1,4.0
9,MO,9.3.1,0.0
9,MO,9.4.1,5.0
9,MO,9.5.1,3.0
9,MO,9.6.1,5.0
9,MO,9.7.1,5.0
9,MO,Теор,42.0
9,MO,Прак,25.0
9,MO,Блиц,26.0
9,Rest,№,9.0
9,Rest,9.1,9.0
9,Rest,9.2,0.0
9,Rest,9.3,6.0
9,Rest,9.4,9.0
9,Rest,9.5,6.0
9,Rest,9.6,10.0
9,Rest,9.7,14.0
9,Rest,9.8,14.0
9,Rest,9.1.1,3.0
9,Rest,9.2.1,5.0
9,Rest,9.3.1,1.0
9,Rest,9.4.1,2.0
9,Rest,9.5.1,3.0
9,Rest,9.6.1,5.0
9,Rest,9.7.1,5.0
9,Rest,Теор,40.0
9,Rest,Прак,28.0
9,Rest,Блиц,24.0
9,MO,№,10.0
9,MO,9.1,4.0
9,MO,9.2,6.0
9,MO,9.3,2.0
9,MO,9.4,7.0
9,MO,9.5,9.0
9,MO,9.6,10.0
9,MO,9.7,15.0
9,MO,9.8,14.0
9,MO,9.1.1,3.0
9,MO,9.2.1,4.0
9,MO,9.3.1,4.0
9,MO,9.4.1,2.0
9,MO,9.5.1,3.0
9,MO,9.6.1,4.0
9,MO,9.7.1,5.0
9,MO,Теор,38.0
9,MO,Прак,29.0
9,MO,Блиц,25.0
9,MO,№,11.0
9,MO,9.1,3.0
9,MO,9.2,1.0
9,MO,9.3,0.0
9,MO,9.4,9.0
9,MO,9.5,8.0
9,MO,9.6,7.0
9,MO,9.7,14.0
9,MO,9.8,14.0
9,MO,9.1.1,5.0
9,MO,9.2.1,5.0
9,MO,9.3.1,4.0
9,MO,9.4.1,5.0
9,MO,9.5.1,5.0
9,MO,9.6.1,5.0
9,MO,9.7.1,5.0
9,MO,Теор,28.0
9,MO,Прак,28.0
9,MO,Блиц,34.0
9,MO,№,12.0
9,MO,9.1,1.0
9,MO,9.2,6.0
9,MO,9.3,8.0
9,MO,9.4,9.0
9,MO,9.5,9.0
9,MO,9.6,10.0
9,MO,9.7,10.0
9,MO,9.8,10.0
9,MO,9.1.1,4.0
9,MO,9.2.1,5.0
9,MO,9.3.1,0.0
9,MO,9.4.1,5.0
9,MO,9.5.1,3.0
9,MO,9.6.1,4.0
9,MO,9.7.1,5.0
9,MO,Теор,43.0
9,MO,Прак,20.0
9,MO,Блиц,26.0
9,MO,№,13.0
9,MO,9.1,0.0
9,MO,9.2,10.0
9,MO,9.3,9.0
9,MO,9.4,9.0
9,MO,9.5,1.0
9,MO,9.6,9.0
9,MO,9.7,12.0
9,MO,9.8,15.0
9,MO,9.1.1,4.0
9,MO,9.2.1,5.0
9,MO,9.3.1,0.0
9,MO,9.4.1,2.0
9,MO,9.5.1,3.0
9,MO,9.6.1,5.0
9,MO,9.7.1,5.0
9,MO,Теор,38.0
9,MO,Прак,27.0
9,MO,Блиц,24.0
9,Rest,№,14.0
9,Rest,9.1,0.0
9,Rest,9.2,10.0
9,Rest,9.3,2.0
9,Rest,9.4,7.0
9,Rest,9.5,8.0
9,Rest,9.6,9.0
9,Rest,9.7,9.0
9,Rest,9.8,15.0
9,Rest,9.1.1,3.0
9,Rest,9.2.1,5.0
9,Rest,9.3.1,0.0
9,Rest,9.4.1,4.0
9,Rest,9.5.1,5.0
9,Rest,9.6.1,5.0
9,Rest,9.7.1,5.0
9,Rest,Теор,36.0
9,Rest,Прак,24.0
9,Rest,Блиц,27.0
9,Rest,№,15.0
9,Rest,9.1,4.0
9,Rest,9.2,10.0
9,Rest,9.3,5.0
9,Rest,9.4,9.0
9,Rest,9.5,3.0
9,Rest,9.6,9.0
9,Rest,9.7,14.0
9,Rest,9.8,8.0
9,Rest,9.1.1,4.0
9,Rest,9.2.1,4.0
9,Rest,9.3.1,1.0
9,Rest,9.4.1,2.0
9,Rest,9.5.1,4.0
9,Rest,9.6.1,5.0
9,Rest,9.7.1,2.0
9,Rest,Теор,40.0
9,Rest,Прак,22.0
9,Rest,Блиц,22.0
9,MO,№,16.0
9,MO,9.1,1.0
9,MO,9.2,6.0
9,MO,9.3,5.0
9,MO,9.4,10.0
9,MO,9.5,5.0
9,MO,9.6,8.0
9,MO,9.7,15.0
9,MO,9.8,11.0
9,MO,9.1.1,5.0
9,MO,9.2.1,5.0
9,MO,9.3.1,1.0
9,MO,9.4.1,2.0
9,MO,9.5.1,3.0
9,MO,9.6.1,5.0
9,MO,9.7.1,2.0
9,MO,Теор,35.0
9,MO,Прак,26.0
9,MO,Блиц,23.0
9,Rest,№,17.0
9,Rest,9.1,4.0
9,Rest,9.2,8.0
9,Rest,9.3,2.0
9,Rest,9.4,9.0
9,Rest,9.5,3.0
9,Rest,9.6,10.0
9,Rest,9.7,15.0
9,Rest,9.8,6.0
9,Rest,9.1.1,3.0
9,Rest,9.2.1,5.0
9,Rest,9.3.1,0.0
9,Rest,9.4.1,5.0
9,Rest,9.5.1,3.0
9,Rest,9.6.1,5.0
9,Rest,9.7.1,5.0
9,Rest,Теор,36.0
9,Rest,Прак,21.0
9,Rest,Блиц,26.0
9,MO,№,18.0
9,MO,9.1,1.0
9,MO,9.2,6.0
9,MO,9.3,4.0
9,MO,9.4,8.0
9,MO,9.5,9.0
9,MO,9.6,4.0
9,MO,9.7,14.0
9,MO,9.8,13.0
9,MO,9.1.1,4.0
9,MO,9.2.1,1.0
9,MO,9.3.1,5.0
9,MO,9.4.1,2.0
9,MO,9.5.1,5.0
9,MO,9.6.1,4.0
9,MO,9.7.1,0.0
9,MO,Теор,32.0
9,MO,Прак,27.0
9,MO,Блиц,21.0
9,MO,№,19.0
9,MO,9.1,1.0
9,MO,9.2,0.0
9,MO,9.3,2.0
9,MO,9.4,8.0
9,MO,9.5,8.0
9,MO,9.6,9.0
9,MO,9.7,14.0
9,MO,9.8,14.0
9,MO,9.1.1,2.0
9,MO,9.2.1,4.0
9,MO,9.3.1,1.0
9,MO,9.4.1,2.0
9,MO,9.5.1,3.0
9,MO,9.6.1,5.0
9,MO,9.7.1,2.0
9,MO,Теор,28.0
9,MO,Прак,28.0
9,MO,Блиц,19.0
9,Rest,№,20.0
9,Rest,9.1,2.0
9,Rest,9.2,6.0
9,Rest,9.3,5.0
9,Rest,9.4,7.0
9,Rest,9.5,5.0
9,Rest,9.6,2.0
9,Rest,9.7,13.0
9,Rest,9.8,12.0
9,Rest,9.1.1,5.0
9,Rest,9.2.1,0.0
9,Rest,9.3.1,2.0
9,Rest,9.4.1,2.0
9,Rest,9.5.1,3.0
9,Rest,9.6.1,5.0
9,Rest,9.7.1,5.0
9,Rest,Теор,27.0
9,Rest,Прак,25.0
9,Rest,Блиц,22.0
9,MO,№,21.0
9,MO,9.1,1.0
9,MO,9.2,1.0
9,MO,9.3,1.0
9,MO,9.4,9.0
9,MO,9.5,9.0
9,MO,9.6,3.0
9,MO,9.7,11.0
9,MO,9.8,15.0
9,MO,9.1.1,3.0
9,MO,9.2.1,5.0
9,MO,9.3.1,1.0
9,MO,9.4.1,2.0
9,MO,9.5.1,2.0
9,MO,9.6.1,5.0
9,MO,9.7.1,5.0
9,MO,Теор,24.0
9,MO,Прак,26.0
9,MO,Блиц,23.0
9,MO,№,22.0
9,MO,9.1,8.0
9,MO,9.2,6.0
9,MO,9.3,0.0
9,MO,9.4,7.0
9,MO,9.5,0.0
9,MO,9.6,0.0
9,MO,9.7,15.0
9,MO,9.8,14.0
9,MO,9.1.1,2.0
9,MO,9.2.1,5.0
9,MO,9.3.1,3.0
9,MO,9.4.1,2.0
9,MO,9.5.1,2.0
9,MO,9.6.1,4.0
9,MO,9.7.1,5.0
9,MO,Теор,21.0
9,MO,Прак,29.0
9,MO,Блиц,23.0
9,Rest,№,23.0
9,Rest,9.1,1.0
9,Rest,9.2,0.0
9,Rest,9.3,3.0
9,Rest,9.4,9.0
9,Rest,9.5,3.0
9,Rest,9.6,10.0
9,Rest,9.7,13.0
9,Rest,9.8,12.0
9,Rest,9.1.1,3.0
9,Rest,9.2.1,4.0
9,Rest,9.3.1,0.0
9,Rest,9.4.1,2.0
9,Rest,9.5.1,2.0
9,Rest,9.6.1,5.0
9,Rest,9.7.1,5.0
9,Rest,Теор,26.0
9,Rest,Прак,25.0
9,Rest,Блиц,21.0
9,Rest,№,24.0
9,Rest,9.1,9.0
9,Rest,9.2,1.0
9,Rest,9.3,1.0
9,Rest,9.4,7.0
9,Rest,9.5,4.0
9,Rest,9.6,0.0
9,Rest,9.7,14.0
9,Rest,9.8,14.0
9,Rest,9.1.1,4.0
9,Rest,9.2.1,5.0
9,Rest,9.3.1,0.0
9,Rest,9.4.1,2.0
9,Rest,9.5.1,4.0
9,Rest,9.6.1,5.0
9,Rest,9.7.1,2.0
9,Rest,Теор,22.0
9,Rest,Прак,28.0
9,Rest,Блиц,22.0
9,MO,№,25.0
9,MO,9.1,0.0
9,MO,9.2,10.0
9,MO,9.3,0.0
9,MO,9.4,7.0
9,MO,9.5,9.0
9,MO,9.6,9.0
9,MO,9.7,13.0
9,MO,9.8,6.0
9,MO,9.1.1,2.0
9,MO,9.2.1,1.0
9,MO,9.3.1,1.0
9,MO,9.4.1,2.0
9,MO,9.5.1,5.0
9,MO,9.6.1,5.0
9,MO,9.7.1,2.0
9,MO,Теор,35.0
9,MO,Прак,19.0
9,MO,Блиц,18.0
9,MO,№,26.0
9,MO,9.1,1.0
9,MO,9.2,8.0
9,MO,9.3,0.0
9,MO,9.4,6.0
9,MO,9.5,8.0
9,MO,9.6,7.0
9,MO,9.7,10.0
9,MO,9.8,7.0
9,MO,9.1.1,3.0
9,MO,9.2.1,3.0
9,MO,9.3.1,0.0
9,MO,9.4.1,5.0
9,MO,9.5.1,3.0
9,MO,9.6.1,5.0
9,MO,9.7.1,5.0
9,MO,Теор,30.0
9,MO,Прак,17.0
9,MO,Блиц,24.0
9,Rest,№,27.0
9,Rest,9.1,1.0
9,Rest,9.2,0.0
9,Rest,9.3,3.0
9,Rest,9.4,10.0
9,Rest,9.5,6.0
9,Rest,9.6,1.0
9,Rest,9.7,12.0
9,Rest,9.8,13.0
9,Rest,9.1.1,4.0
9,Rest,9.2.1,5.0
9,Rest,9.3.1,3.0
9,Rest,9.4.1,2.0
9,Rest,9.5.1,3.0
9,Rest,9.6.1,4.0
9,Rest,9.7.1,4.0
9,Rest,Теор,21.0
9,Rest,Прак,25.0
9,Rest,Блиц,25.0
9,MO,№,28.0
9,MO,9.1,0.0
9,MO,9.2,1.0
9,MO,9.3,4.0
9,MO,9.4,7.0
9,MO,9.5,6.0
9,MO,9.6,9.0
9,MO,9.7,7.0
9,MO,9.8,14.0
9,MO,9.1.1,3.0
9,MO,9.2.1,5.0
9,MO,9.3.1,0.0
9,MO,9.4.1,2.0
9,MO,9.5.1,3.0
9,MO,9.6.1,4.0
9,MO,9.7.1,5.0
9,MO,Теор,27.0
9,MO,Прак,21.0
9,MO,Блиц,22.0
9,Rest,№,29.0
9,Rest,9.1,0.0
9,Rest,9.2,0.0
9,Rest,9.3,7.0
9,Rest,9.4,8.0
9,Rest,9.5,6.0
9,Rest,9.6,8.0
9,Rest,9.7,13.0
9,Rest,9.8,3.0
9,Rest,9.1.1,5.0
9,Rest,9.2.1,4.0
9,Rest,9.3.1,1.0
9,Rest,9.4.1,2.0
9,Rest,9.5.1,3.0
9,Rest,9.6.1,5.0
9,Rest,9.7.1,5.0
9,Rest,Теор,29.0
9,Rest,Прак,16.0
9,Rest,Блиц,25.0
9,Rest,№,30.0
9,Rest,9.1,1.0
9,Rest,9.2,4.0
9,Rest,9.3,2.0
9,Rest,9.4,10.0
9,Rest,9.5,3.0
9,Rest,9.6,1.0
9,Rest,9.7,13.0
9,Rest,9.8,15.0
9,Rest,9.1.1,3.0
9,Rest,9.2.1,4.0
9,Rest,9.3.1,1.0
9,Rest,9.4.1,1.0
9,Rest,9.5.1,5.0
9,Rest,9.6.1,5.0
9,Rest,9.7.1,1.0
9,Rest,Теор,21.0
9,Rest,Прак,28.0
9,Rest,Блиц,20.0
9,Rest,№,31.0
9,Rest,9.1,0.0
9,Rest,9.2,2.0
9,Rest,9.3,2.0
9,Rest,9.4,3.0
9,Rest,9.5,4.0
9,Rest,9.6,9.0
9,Rest,9.7,12.0
9,Rest,9.8,15.0
9,Rest,9.1.1,3.0
9,Rest,9.2.1,5.0
9,Rest,9.3.1,0.0
9,Rest,9.4.1,2.0
9,Rest,9.5.1,2.0
9,Rest,9.6.1,5.0
9,Rest,9.7.1,5.0
9,Rest,Теор,20.0
9,Rest,Прак,27.0
9,Rest,Блиц,22.0
9,Rest,№,32.0
9,Rest,9.1,2.0
9,Rest,9.2,2.0
9,Rest,9.3,1.0
9,Rest,9.4,8.0
9,Rest,9.5,4.0
9,Rest,9.6,8.0
9,Rest,9.7,14.0
9,Rest,9.8,14.0
9,Rest,9.1.1,3.0
9,Rest,9.2.1,3.0
9,Rest,9.3.1,0.0
9,Rest,9.4.1,2.0
9,Rest,9.5.1,2.0
9,Rest,9.6.1,4.0
9,Rest,9.7.1,2.0
9,Rest,Теор,25.0
9,Rest,Прак,28.0
9,Rest,Блиц,16.0
9,MO,№,33.0
9,MO,9.1,1.0
9,MO,9.2,0.0
9,MO,9.3,4.0
9,MO,9.4,5.0
9,MO,9.5,6.0
9,MO,9.6,8.0
9,MO,9.7,10.0
9,MO,9.8,14.0
9,MO,9.1.1,4.0
9,MO,9.2.1,1.0
9,MO,9.3.1,5.0
9,MO,9.4.1,2.0
9,MO,9.5.1,3.0
9,MO,9.6.1,4.0
9,MO,9.7.1,2.0
9,MO,Теор,24.0
9,MO,Прак,24.0
9,MO,Блиц,21.0
9,Rest,№,34.0
9,Rest,9.1,0.0
9,Rest,9.2,6.0
9,Rest,9.3,1.0
9,Rest,9.4,8.0
9,Rest,9.5,6.0
9,Rest,9.6,6.0
9,Rest,9.7,9.0
9,Rest,9.8,7.0
9,Rest,9.1.1,3.0
9,Rest,9.2.1,3.0
9,Rest,9.3.1,5.0
9,Rest,9.4.1,4.0
9,Rest,9.5.1,1.0
9,Rest,9.6.1,4.0
9,Rest,9.7.1,3.0
9,Rest,Теор,27.0
9,Rest,Прак,16.0
9,Rest,Блиц,23.0
9,Rest,№,35.0
9,Rest,9.1,0.0
9,Rest,9.2,5.0
9,Rest,9.3,1.0
9,Rest,9.4,8.0
9,Rest,9.5,2.0
9,Rest,9.6,10.0
9,Rest,9.7,11.0
9,Rest,9.8,14.0
9,Rest,9.1.1,3.0
9,Rest,9.2.1,1.0
9,Rest,9.3.1,0.0
9,Rest,9.4.1,0.0
9,Rest,9.5.1,1.0
9,Rest,9.6.1,5.0
9,Rest,9.7.1,5.0
9,Rest,Теор,26.0
9,Rest,Прак,25.0
9,Rest,Блиц,15.0
9,Rest,№,36.0
9,Rest,9.1,0.0
9,Rest,9.2,6.0
9,Rest,9.3,0.0
9,Rest,9.4,8.0
9,Rest,9.5,5.0
9,Rest,9.6,0.0
9,Rest,9.7,15.0
9,Rest,9.8,11.0
9,Rest,9.1.1,3.0
9,Rest,9.2.1,5.0
9,Rest,9.3.1,2.0
9,Rest,9.4.1,0.0
9,Rest,9.5.1,3.0
9,Rest,9.6.1,4.0
9,Rest,9.7.1,3.0
9,Rest,Теор,19.0
9,Rest,Прак,26.0
9,Rest,Блиц,20.0
9,MO,№,37.0
9,MO,9.1,1.0
9,MO,9.2,0.0
9,MO,9.3,0.0
9,MO,9.4,7.0
9,MO,9.5,2.0
9,MO,9.6,8.0
9,MO,9.7,12.0
9,MO,9.8,15.0
9,MO,9.1.1,3.0
9,MO,9.2.1,0.0
9,MO,9.3.1,5.0
9,MO,9.4.1,2.0
9,MO,9.5.1,3.0
9,MO,9.6.1,5.0
9,MO,9.7.1,2.0
9,MO,Теор,18.0
9,MO,Прак,27.0
9,MO,Блиц,20.0
9,MO,№,38.0
9,MO,9.1,1.0
9,MO,9.2,6.0
9,MO,9.3,4.0
9,MO,9.4,0.0
9,MO,9.5,3.0
9,MO,9.6,4.0
9,MO,9.7,14.0
9,MO,9.8,11.0
9,MO,9.1.1,3.0
9,MO,9.2.1,3.0
9,MO,9.3.1,2.0
9,MO,9.4.1,2.0
9,MO,9.5.1,2.0
9,MO,9.6.1,5.0
9,MO,9.7.1,5.0
9,MO,Теор,18.0
9,MO,Прак,25.0
9,MO,Блиц,22.0
9,Rest,№,39.0
9,Rest,9.1,0.0
9,Rest,9.2,6.0
9,Rest,9.3,5.0
9,Rest,9.4,6.0
9,Rest,9.5,6.0
9,Rest,9.6,0.0
9,Rest,9.7,8.0
9,Rest,9.8,9.0
9,Rest,9.1.1,3.0
9,Rest,9.2.1,5.0
9,Rest,9.3.1,1.0
9,Rest,9.4.1,3.0
9,Rest,9.5.1,3.0
9,Rest,9.6.1,5.0
9,Rest,9.7.1,5.0
9,Rest,Теор,23.0
9,Rest,Прак,17.0
9,Rest,Блиц,25.0
9,Rest,№,40.0
9,Rest,9.1,4.0
9,Rest,9.2,10.0
9,Rest,9.3,1.0
9,Rest,9.4,1.0
9,Rest,9.5,4.0
9,Rest,9.6,2.0
9,Rest,9.7,8.0
9,Rest,9.8,11.0
9,Rest,9.1.1,4.0
9,Rest,9.2.1,3.0
9,Rest,9.3.1,5.0
9,Rest,9.4.1,0.0
9,Rest,9.5.1,4.0
9,Rest,9.6.1,5.0
9,Rest,9.7.1,3.0
9,Rest,Теор,22.0
9,Rest,Прак,19.0
9,Rest,Блиц,24.0
9,Rest,№,41.0
9,Rest,9.1,1.0
9,Rest,9.2,6.0
9,Rest,9.3,0.0
9,Rest,9.4,7.0
9,Rest,9.5,4.0
9,Rest,9.6,0.0
9,Rest,9.7,14.0
9,Rest,9.8,10.0
9,Rest,9.1.1,4.0
9,Rest,9.2.1,4.0
9,Rest,9.3.1,2.0
9,Rest,9.4.1,1.0
9,Rest,9.5.1,3.0
9,Rest,9.6.1,5.0
9,Rest,9.7.1,3.0
9,Rest,Теор,18.0
9,Rest,Прак,24.0
9,Rest,Блиц,22.0
9,MO,№,42.0
9,MO,9.1,1.0
9,MO,9.2,6.0
9,MO,9.3,1.0
9,MO,9.4,10.0
9,MO,9.5,6.0
9,MO,9.6,3.0
9,MO,9.7,12.0
9,MO,9.8,1.0
9,MO,9.1.1,0.0
9,MO,9.2.1,4.0
9,MO,9.3.1,3.0
9,MO,9.4.1,3.0
9,MO,9.5.1,4.0
9,MO,9.6.1,5.0
9,MO,9.7.1,5.0
9,MO,Теор,27.0
9,MO,Прак,13.0
9,MO,Блиц,24.0
9,Rest,№,43.0
9,Rest,9.1,1.0
9,Rest,9.2,0.0
9,Rest,9.3,0.0
9,Rest,9.4,4.0
9,Rest,9.5,4.0
9,Rest,9.6,5.0
9,Rest,9.7,12.0
9,Rest,9.8,14.0
9,Rest,9.1.1,2.0
9,Rest,9.2.1,4.0
9,Rest,9.3.1,3.0
9,Rest,9.4.1,2.0
9,Rest,9.5.1,4.0
9,Rest,9.6.1,4.0
9,Rest,9.7.1,5.0
9,Rest,Теор,14.0
9,Rest,Прак,26.0
9,Rest,Блиц,24.0
9,Rest,№,44.0
9,Rest,9.1,1.0
9,Rest,9.2,1.0
9,Rest,9.3,4.0
9,Rest,9.4,10.0
9,Rest,9.5,6.0
9,Rest,9.6,0.0
9,Rest,9.7,12.0
9,Rest,9.8,14.0
9,Rest,9.1.1,0.0
9,Rest,9.2.1,4.0
9,Rest,9.3.1,2.0
9,Rest,9.4.1,2.0
9,Rest,9.5.1,2.0
9,Rest,9.6.1,4.0
9,Rest,9.7.1,2.0
9,Rest,Теор,22.0
9,Rest,Прак,26.0
9,Rest,Блиц,16.0
9,MO,№,45.0
9,MO,9.1,0.0
9,MO,9.2,6.0
9,MO,9.3,0.0
9,MO,9.4,9.0
9,MO,9.5,3.0
9,MO,9.6,5.0
9,MO,9.7,13.0
9,MO,9.8,10.0
9,MO,9.1.1,3.0
9,MO,9.2.1,2.0
9,MO,9.3.1,1.0
9,MO,9.4.1,2.0
9,MO,9.5.1,3.0
9,MO,9.6.1,4.0
9,MO,9.7.1,2.0
9,MO,Теор,23.0
9,MO,Прак,23.0
9,MO,Блиц,17.0
9,Rest,№,46.0
9,Rest,9.1,1.0
9,Rest,9.2,6.0
9,Rest,9.3,0.0
9,Rest,9.4,4.0
9,Rest,9.5,6.0
9,Rest,9.6,0.0
9,Rest,9.7,14.0
9,Rest,9.8,11.0
9,Rest,9.1.1,5.0
9,Rest,9.2.1,3.0
9,Rest,9.3.1,1.0
9,Rest,9.4.1,1.0
9,Rest,9.5.1,5.0
9,Rest,9.6.1,5.0
9,Rest,9.7.1,1.0
9,Rest,Теор,17.0
9,Rest,Прак,25.0
9,Rest,Блиц,21.0
9,Rest,№,47.0
9,Rest,9.1,0.0
9,Rest,9.2,2.0
9,Rest,9.3,0.0
9,Rest,9.4,7.0
9,Rest,9.5,2.0
9,Rest,9.6,2.0
9,Rest,9.7,14.0
9,Rest,9.8,11.0
9,Rest,9.1.1,3.0
9,Rest,9.2.1,4.0
9,Rest,9.3.1,1.0
9,Rest,9.4.1,2.0
9,Rest,9.5.1,5.0
9,Rest,9.6.1,5.0
9,Rest,9.7.1,5.0
9,Rest,Теор,13.0
9,Rest,Прак,25.0
9,Rest,Блиц,25.0
9,Rest,№,48.0
9,Rest,9.1,1.0
9,Rest,9.2,8.0
9,Rest,9.3,3.0
9,Rest,9.4,9.0
9,Rest,9.5,2.0
9,Rest,9.6,8.0
9,Rest,9.7,5.0
9,Rest,9.8,10.0
9,Rest,9.1.1,3.0
9,Rest,9.2.1,0.0
9,Rest,9.3.1,1.0
9,Rest,9.4.1,2.0
9,Rest,9.5.1,3.0
9,Rest,9.6.1,4.0
9,Rest,9.7.1,3.0
9,Rest,Теор,31.0
9,Rest,Прак,15.0
9,Rest,Блиц,16.0
9,Rest,№,49.0
9,Rest,9.1,1.0
9,Rest,9.2,1.0
9,Rest,9.3,1.0
9,Rest,9.4,7.0
9,Rest,9.5,6.0
9,Rest,9.6,8.0
9,Rest,9.7,11.0
9,Rest,9.8,6.0
9,Rest,9.1.1,4.0
9,Rest,9.2.1,5.0
9,Rest,9.3.1,0.0
9,Rest,9.4.1,2.0
9,Rest,9.5.1,2.0
9,Rest,9.6.1,5.0
9,Rest,9.7.1,2.0
9,Rest,Теор,24.0
9,Rest,Прак,17.0
9,Rest,Блиц,20.0
9,Rest,№,50.0
9,Rest,9.1,0.0
9,Rest,9.2,0.0
9,Rest,9.3,7.0
9,Rest,9.4,5.0
9,Rest,9.5,2.0
9,Rest,9.6,8.0
9,Rest,9.7,12.0
9,Rest,9.8,10.0
9,Rest,9.1.1,1.0
9,Rest,9.2.1,4.0
9,Rest,9.3.1,0.0
9,Rest,9.4.1,2.0
9,Rest,9.5.1,4.0
9,Rest,9.6.1,5.0
9,Rest,9.7.1,1.0
9,Rest,Теор,22.0
9,Rest,Прак,22.0
9,Rest,Блиц,17.0
9,Rest,№,51.0
9,Rest,9.1,0.0
9,Rest,9.2,10.0
9,Rest,9.3,1.0
9,Rest,9.4,5.0
9,Rest,9.5,2.0
9,Rest,9.6,0.0
9,Rest,9.7,11.0
9,Rest,9.8,12.0
9,Rest,9.1.1,3.0
9,Rest,9.2.1,4.0
9,Rest,9.3.1,3.0
9,Rest,9.4.1,1.0
9,Rest,9.5.1,3.0
9,Rest,9.6.1,5.0
9,Rest,9.7.1,1.0
9,Rest,Теор,18.0
9,Rest,Прак,23.0
9,Rest,Блиц,20.0
9,Rest,№,52.0
9,Rest,9.1,4.0
9,Rest,9.2,1.0
9,Rest,9.3,5.0
9,Rest,9.4,4.0
9,Rest,9.5,3.0
9,Rest,9.6,0.0
9,Rest,9.7,14.0
9,Rest,9.8,3.0
9,Rest,9.1.1,4.0
9,Rest,9.2.1,3.0
9,Rest,9.3.1,5.0
9,Rest,9.4.1,4.0
9,Rest,9.5.1,3.0
9,Rest,9.6.1,4.0
9,Rest,9.7.1,4.0
9,Rest,Теор,17.0
9,Rest,Прак,17.0
9,Rest,Блиц,27.0
9,Rest,№,53.0
9,Rest,9.1,1.0
9,Rest,9.2,0.0
9,Rest,9.3,2.0
9,Rest,9.4,7.0
9,Rest,9.5,5.0
9,Rest,9.6,2.0
9,Rest,9.7,14.0
9,Rest,9.8,10.0
9,Rest,9.1.1,0.0
9,Rest,9.2.1,3.0
9,Rest,9.3.1,3.0
9,Rest,9.4.1,2.0
9,Rest,9.5.1,3.0
9,Rest,9.6.1,5.0
9,Rest,9.7.1,3.0
9,Rest,Теор,17.0
9,Rest,Прак,24.0
9,Rest,Блиц,19.0
9,Rest,№,54.0
9,Rest,9.1,1.0
9,Rest,9.2,10.0
9,Rest,9.3,2.0
9,Rest,9.4,5.0
9,Rest,9.5,6.0
9,Rest,9.6,0.0
9,Rest,9.7,12.0
9,Rest,9.8,10.0
9,Rest,9.1.1,0.0
9,Rest,9.2.1,0.0
9,Rest,9.3.1,0.0
9,Rest,9.4.1,5.0
9,Rest,9.5.1,4.0
9,Rest,9.6.1,4.0
9,Rest,9.7.1,1.0
9,Rest,Теор,24.0
9,Rest,Прак,22.0
9,Rest,Блиц,14.0
9,Rest,№,55.0
9,Rest,9.1,0.0
9,Rest,9.2,1.0
9,Rest,9.3,2.0
9,Rest,9.4,9.0
9,Rest,9.5,4.0
9,Rest,9.6,3.0
9,Rest,9.7,9.0
9,Rest,9.8,12.0
9,Rest,9.1.1,2.0
9,Rest,9.2.1,1.0
9,Rest,9.3.1,4.0
9,Rest,9.4.1,2.0
9,Rest,9.5.1,0.0
9,Rest,9.6.1,5.0
9,Rest,9.7.1,5.0
9,Rest,Теор,19.0
9,Rest,Прак,21.0
9,Rest,Блиц,19.0
9,Rest,№,56.0
9,Rest,9.1,2.0
9,Rest,9.2,6.0
9,Rest,9.3,0.0
9,Rest,9.4,8.0
9,Rest,9.5,4.0
9,Rest,9.6,0.0
9,Rest,9.7,14.0
9,Rest,9.8,5.0
9,Rest,9.1.1,4.0
9,Rest,9.2.1,5.0
9,Rest,9.3.1,1.0
9,Rest,9.4.1,1.0
9,Rest,9.5.1,2.0
9,Rest,9.6.1,4.0
9,Rest,9.7.1,2.0
9,Rest,Теор,20.0
9,Rest,Прак,19.0
9,Rest,Блиц,19.0
9,Rest,№,57.0
9,Rest,9.1,2.0
9,Rest,9.2,6.0
9,Rest,9.3,0.0
9,Rest,9.4,8.0
9,Rest,9.5,3.0
9,Rest,9.6,0.0
9,Rest,9.7,3.0
9,Rest,9.8,14.0
9,Rest,9.1.1,2.0
9,Rest,9.2.1,4.0
9,Rest,9.3.1,1.0
9,Rest,9.4.1,4.0
9,Rest,9.5.1,3.0
9,Rest,9.6.1,4.0
9,Rest,9.7.1,3.0
9,Rest,Теор,19.0
9,Rest,Прак,17.0
9,Rest,Блиц,21.0
9,MO,№,58.0
9,MO,9.1,0.0
9,MO,9.2,1.0
9,MO,9.3,5.0
9,MO,9.4,7.0
9,MO,9.5,3.0
9,MO,9.6,0.0
9,MO,9.7,8.0
9,MO,9.8,13.0
9,MO,9.1.1,3.0
9,MO,9.2.1,4.0
9,MO,9.3.1,1.0
9,MO,9.4.1,2.0
9,MO,9.5.1,4.0
9,MO,9.6.1,4.0
9,MO,9.7.1,2.0
9,MO,Теор,16.0
9,MO,Прак,21.0
9,MO,Блиц,20.0
9,Rest,№,59.0
9,Rest,9.1,0.0
9,Rest,9.2,1.0
9,Rest,9.3,2.0
9,Rest,9.4,8.0
9,Rest,9.5,2.0
9,Rest,9.6,0.0
9,Rest,9.7,12.0
9,Rest,9.8,12.0
9,Rest,9.1.1,3.0
9,Rest,9.2.1,4.0
9,Rest,9.3.1,0.0
9,Rest,9.4.1,2.0
9,Rest,9.5.1,3.0
9,Rest,9.6.1,5.0
9,Rest,9.7.1,3.0
9,Rest,Теор,13.0
9,Rest,Прак,24.0
9,Rest,Блиц,20.0
9,MO,№,60.0
9,MO,9.1,1.0
9,MO,9.2,1.0
9,MO,9.3,0.0
9,MO,9.4,5.0
9,MO,9.5,3.0
9,MO,9.6,0.0
9,MO,9.7,14.0
9,MO,9.8,13.0
9,MO,9.1.1,3.0
9,MO,9.2.1,3.0
9,MO,9.3.1,0.0
9,MO,9.4.1,3.0
9,MO,9.5.1,4.0
9,MO,9.6.1,5.0
9,MO,9.7.1,2.0
9,MO,Теор,10.0
9,MO,Прак,27.0
9,MO,Блиц,20.0
9,Rest,№,61.0
9,Rest,9.1,7.0
9,Rest,9.2,1.0
9,Rest,9.3,2.0
9,Rest,9.4,7.0
9,Rest,9.5,5.0
9,Rest,9.6,0.0
9,Rest,9.7,9.0
9,Rest,9.8,6.0
9,Rest,9.1.1,4.0
9,Rest,9.2.1,0.0
9,Rest,9.3.1,4.0
9,Rest,9.4.1,3.0
9,Rest,9.5.1,2.0
9,Rest,9.6.1,5.0
9,Rest,9.7.1,2.0
9,Rest,Теор,22.0
9,Rest,Прак,15.0
9,Rest,Блиц,20.0
9,Rest,№,62.0
9,Rest,9.1,0.0
9,Rest,9.2,0.0
9,Rest,9.3,1.0
9,Rest,9.4,8.0
9,Rest,9.5,6.0
9,Rest,9.6,6.0
9,Rest,9.7,13.0
9,Rest,9.8,1.0
9,Rest,9.1.1,5.0
9,Rest,9.2.1,4.0
9,Rest,9.3.1,4.0
9,Rest,9.4.1,4.0
9,Rest,9.5.1,2.0
9,Rest,9.6.1,1.0
9,Rest,9.7.1,1.0
9,Rest,Теор,21.0
9,Rest,Прак,14.0
9,Rest,Блиц,21.0
9,Rest,№,63.0
9,Rest,9.1,1.0
9,Rest,9.2,1.0
9,Rest,9.3,2.0
9,Rest,9.4,8.0
9,Rest,9.5,5.0
9,Rest,9.6,8.0
9,Rest,9.7,5.0
9,Rest,9.8,9.0
9,Rest,9.1.1,3.0
9,Rest,9.2.1,4.0
9,Rest,9.3.1,0.0
9,Rest,9.4.1,1.0
9,Rest,9.5.1,1.0
9,Rest,9.6.1,5.0
9,Rest,9.7.1,1.0
9,Rest,Теор,25.0
9,Rest,Прак,14.0
9,Rest,Блиц,15.0
9,Rest,№,64.0
9,Rest,9.1,1.0
9,Rest,9.2,0.0
9,Rest,9.3,0.0
9,Rest,9.4,8.0
9,Rest,9.5,3.0
9,Rest,9.6,6.0
9,Rest,9.7,10.0
9,Rest,9.8,1.0
9,Rest,9.1.1,3.0
9,Rest,9.2.1,2.0
9,Rest,9.3.1,4.0
9,Rest,9.4.1,2.0
9,Rest,9.5.1,4.0
9,Rest,9.6.1,5.0
9,Rest,9.7.1,5.0
9,Rest,Теор,18.0
9,Rest,Прак,11.0
9,Rest,Блиц,25.0
9,Rest,№,65.0
9,Rest,9.1,0.0
9,Rest,9.2,6.0
9,Rest,9.3,1.0
9,Rest,9.4,8.0
9,Rest,9.5,0.0
9,Rest,9.6,8.0
9,Rest,9.7,11.0
9,Rest,9.8,6.0
9,Rest,9.1.1,2.0
9,Rest,9.2.1,1.0
9,Rest,9.3.1,0.0
9,Rest,9.4.1,3.0
9,Rest,9.5.1,4.0
9,Rest,9.6.1,1.0
9,Rest,9.7.1,1.0
9,Rest,Теор,23.0
9,Rest,Прак,17.0
9,Rest,Блиц,12.0
9,Rest,№,66.0
9,Rest,9.1,0.0
9,Rest,9.2,6.0
9,Rest,9.3,0.0
9,Rest,9.4,8.0
9,Rest,9.5,2.0
9,Rest,9.6,0.0
9,Rest,9.7,12.0
9,Rest,9.8,1.0
9,Rest,9.1.1,3.0
9,Rest,9.2.1,2.0
9,Rest,9.3.1,4.0
9,Rest,9.4.1,1.0
9,Rest,9.5.1,4.0
9,Rest,9.6.1,5.0
9,Rest,9.7.1,2.0
9,Rest,Теор,16.0
9,Rest,Прак,13.0
9,Rest,Блиц,21.0
9,Rest,№,67.0
9,Rest,9.1,0.0
9,Rest,9.2,1.0
9,Rest,9.3,0.0
9,Rest,9.4,8.0
9,Rest,9.5,6.0
9,Rest,9.6,1.0
9,Rest,9.7,11.0
9,Rest,9.8,5.0
9,Rest,9.1.1,3.0
9,Rest,9.2.1,4.0
9,Rest,9.3.1,0.0
9,Rest,9.4.1,0.0
9,Rest,9.5.1,2.0
9,Rest,9.6.1,5.0
9,Rest,9.7.1,3.0
9,Rest,Теор,16.0
9,Rest,Прак,16.0
9,Rest,Блиц,17.0
9,Rest,№,68.0
9,Rest,9.1,7.0
9,Rest,9.2,1.0
9,Rest,9.3,0.0
9,Rest,9.4,3.0
9,Rest,9.5,0.0
9,Rest,9.6,0.0
9,Rest,9.7,11.0
9,Rest,9.8,4.0
9,Rest,9.1.1,4.0
9,Rest,9.2.1,4.0
9,Rest,9.3.1,0.0
9,Rest,9.4.1,0.0
9,Rest,9.5.1,3.0
9,Rest,9.6.1,4.0
9,Rest,9.7.1,5.0
9,Rest,Теор,11.0
9,Rest,Прак,15.0
9,Rest,Блиц,20.0
9,MO,№,69.0
9,MO,9.1,0.0
9,MO,9.2,1.0
9,MO,9.3,0.0
9,MO,9.4,3.0
9,MO,9.5,1.0
9,MO,9.6,4.0
9,MO,9.7,14.0
9,MO,9.8,6.0
9,MO,9.1.1,2.0
9,MO,9.2.1,2.0
9,MO,9.3.1,0.0
9,MO,9.4.1,0.0
9,MO,9.5.1,4.0
9,MO,9.6.1,4.0
9,MO,9.7.1,5.0
9,MO,Теор,9.0
9,MO,Прак,20.0
9,MO,Блиц,17.0
9,Rest,№,70.0
9,Rest,9.1,1.0
9,Rest,9.2,2.0
9,Rest,9.3,2.0
9,Rest,9.4,0.0
9,Rest,9.5,3.0
9,Rest,9.6,8.0
9,Rest,9.7,8.0
9,Rest,9.8,1.0
9,Rest,9.1.1,3.0
9,Rest,9.2.1,3.0
9,Rest,9.3.1,0.0
9,Rest,9.4.1,2.0
9,Rest,9.5.1,2.0
9,Rest,9.6.1,5.0
9,Rest,9.7.1,5.0
9,Rest,Теор,16.0
9,Rest,Прак,9.0
9,Rest,Блиц,20.0
9,MO,№,71.0
9,MO,9.1,0.0
9,MO,9.2,0.0
9,MO,9.3,2.0
9,MO,9.4,0.0
9,MO,9.5,2.0
9,MO,9.6,0.0
9,MO,9.7,11.0
9,MO,9.8,13.0
9,MO,9.1.1,1.0
9,MO,9.2.1,2.0
9,MO,9.3.1,0.0
9,MO,9.4.1,3.0
9,MO,9.5.1,4.0
9,MO,9.6.1,5.0
9,MO,9.7.1,2.0
9,MO,Теор,4.0
9,MO,Прак,24.0
9,MO,Блиц,17.0
9,Rest,№,72.0
9,Rest,9.1,1.0
9,Rest,9.2,0.0
9,Rest,9.3,0.0
9,Rest,9.4,5.0
9,Rest,9.5,3.0
9,Rest,9.6,4.0
9,Rest,9.7,10.0
9,Rest,9.8,5.0
9,Rest,9.1.1,4.0
9,Rest,9.2.1,2.0
9,Rest,9.3.1,1.0
9,Rest,9.4.1,1.0
9,Rest,9.5.1,2.0
9,Rest,9.6.1,5.0
9,Rest,9.7.1,2.0
9,Rest,Теор,13.0
9,Rest,Прак,15.0
9,Rest,Блиц,17.0
9,Rest,№,73.0
9,Rest,9.1,0.0
9,Rest,9.2,1.0
9,Rest,9.3,0.0
9,Rest,9.4,7.0
9,Rest,9.5,3.0
9,Rest,9.6,0.0
9,Rest,9.7,7.0
9,Rest,9.8,5.0
9,Rest,9.1.1,3.0
9,Rest,9.2.1,3.0
9,Rest,9.3.1,1.0
9,Rest,9.4.1,3.0
9,Rest,9.5.1,4.0
9,Rest,9.6.1,5.0
9,Rest,9.7.1,1.0
9,Rest,Теор,11.0
9,Rest,Прак,12.0
9,Rest,Блиц,20.0
9,Rest,№,74.0
9,Rest,9.1,1.0
9,Rest,9.2,4.0
9,Rest,9.3,0.0
9,Rest,9.4,3.0
9,Rest,9.5,2.0
9,Rest,9.6,0.0
9,Rest,9.7,12.0
9,Rest,9.8,2.0
9,Rest,9.1.1,2.0
9,Rest,9.2.1,4.0
9,Rest,9.3.1,0.0
9,Rest,9.4.1,1.0
9,Rest,9.5.1,2.0
9,Rest,9.6.1,5.0
9,Rest,9.7.1,2.0
9,Rest,Теор,10.0
9,Rest,Прак,14.0
9,Rest,Блиц,16.0
9,Rest,№,75.0
9,Rest,9.1,0.0
9,Rest,9.2,4.0
9,Rest,9.3,0.0
9,Rest,9.4,7.0
9,Rest,9.5,3.0
9,Rest,9.6,0.0
9,Rest,9.7,8.0
9,Rest,9.8,3.0
9,Rest,9.1.1,4.0
9,Rest,9.2.1,0.0
9,Rest,9.3.1,0.0
9,Rest,9.4.1,1.0
9,Rest,9.5.1,3.0
9,Rest,9.6.1,4.0
9,Rest,9.7.1,3.0
9,Rest,Теор,14.0
9,Rest,Прак,11.0
9,Rest,Блиц,15.0
9,Rest,№,76.0
9,Rest,9.1,0.0
9,Rest,9.2,1.0
9,Rest,9.3,0.0
9,Rest,9.4,1.0
9,Rest,9.5,2.0
9,Rest,9.6,0.0
9,Rest,9.7,11.0
9,Rest,9.8,4.0
9,Rest,9.1.1,4.0
9,Rest,9.2.1,1.0
9,Rest,9.3.1,1.0
9,Rest,9.4.1,2.0
9,Rest,9.5.1,4.0
9,Rest,9.6.1,4.0
9,Rest,9.7.1,3.0
9,Rest,Теор,4.0
9,Rest,Прак,15.0
9,Rest,Блиц,19.0
9,Rest,№,77.0
9,Rest,9.1,1.0
9,Rest,9.2,1.0
9,Rest,9.3,0.0
9,Rest,9.4,1.0
9,Rest,9.5,2.0
9,Rest,9.6,0.0
9,Rest,9.7,6.0
9,Rest,9.8,0.0
9,Rest,9.1.1,4.0
9,Rest,9.2.1,5.0
9,Rest,9.3.1,5.0
9,Rest,9.4.1,4.0
9,Rest,9.5.1,2.0
9,Rest,9.6.1,5.0
9,Rest,9.7.1,0.0
9,Rest,Теор,5.0
9,Rest,Прак,6.0
9,Rest,Блиц,25.0
9,Rest,№,78.0
9,Rest,9.1,0.0
9,Rest,9.2,5.0
9,Rest,9.3,0.0
9,Rest,9.4,0.0
9,Rest,9.5,2.0
9,Rest,9.6,1.0
9,Rest,9.7,11.0
9,Rest,9.8,0.0
9,Rest,9.1.1,2.0
9,Rest,9.2.1,2.0
9,Rest,9.3.1,0.0
9,Rest,9.4.1,2.0
9,Rest,9.5.1,2.0
9,Rest,9.6.1,4.0
9,Rest,9.7.1,3.0
9,Rest,Теор,8.0
9,Rest,Прак,11.0
9,Rest,Блиц,15.0
9,Rest,№,79.0
9,Rest,9.1,0.0
9,Rest,9.2,0.0
9,Rest,9.3,0.0
9,Rest,9.4,2.0
9,Rest,9.5,2.0
9,Rest,9.6,0.0
9,Rest,9.7,8.0
9,Rest,9.8,3.0
9,Rest,9.1.1,4.0
9,Rest,9.2.1,2.0
9,Rest,9.3.1,0.0
9,Rest,9.4.1,2.0
9,Rest,9.5.1,3.0
9,Rest,9.6.1,5.0
9,Rest,9.7.1,2.0
9,Rest,Теор,4.0
9,Rest,Прак,11.0
9,Rest,Блиц,18.0
9,Rest,№,80.0
9,Rest,9.1,1.0
9,Rest,9.2,4.0
9,Rest,9.3,0.0
9,Rest,9.4,0.0
9,Rest,9.5,2.0
9,Rest,9.6,0.0
9,Rest,9.7,7.0
9,Rest,9.8,2.0
9,Rest,9.1.1,2.0
9,Rest,9.2.1,5.0
9,Rest,9.3.1,1.0
9,Rest,9.4.1,0.0
9,Rest,9.5.1,4.0
9,Rest,9.6.1,0.0
9,Rest,9.7.1,4.0
9,Rest,Теор,7.0
9,Rest,Прак,9.0
9,Rest,Блиц,16.0
9,Rest,№,81.0
9,Rest,9.1,1.0
9,Rest,9.2,0.0
9,Rest,9.3,0.0
9,Rest,9.4,0.0
9,Rest,9.5,1.0
9,Rest,9.6,0.0
9,Rest,9.7,7.0
9,Rest,9.8,0.0
9,Rest,9.1.1,3.0
9,Rest,9.2.1,1.0
9,Rest,9.3.1,0.0
9,Rest,9.4.1,3.0
9,Rest,9.5.1,2.0
9,Rest,9.6.1,5.0
9,Rest,9.7.1,3.0
9,Rest,Теор,2.0
9,Rest,Прак,7.0
9,Rest,Блиц,17.0
9,Rest,№,82.0
9,Rest,9.1,0.0
9,Rest,9.2,0.0
9,Rest,9.3,0.0
9,Rest,9.4,0.0
9,Rest,9.5,2.0
9,Rest,9.6,1.0
9,Rest,9.7,6.0
9,Rest,9.8,1.0
9,Rest,9.1.1,2.0
9,Rest,9.2.1,0.0
9,Rest,9.3.1,1.0
9,Rest,9.4.1,0.0
9,Rest,9.5.1,2.0
9,Rest,9.6.1,3.0
9,Rest,9.7.1,1.0
9,Rest,Теор,3.0
9,Rest,Прак,7.0
9,Rest,Блиц,9.0
9,Rest,№,83.0
9,Rest,9.1,0.0
9,Rest,9.2,0.0
9,Rest,9.3,0.0
9,Rest,9.4,0.0
9,Rest,9.5,1.0
9,Rest,9.6,0.0
9,Rest,9.7,2.0
9,Rest,9.8,0.0
9,Rest,9.1.1,2.0
9,Rest,9.2.1,1.0
9,Rest,9.3.1,0.0
9,Rest,9.4.1,1.0
9,Rest,9.5.1,3.0
9,Rest,9.6.1,3.0
9,Rest,9.7.1,2.0
9,Rest,Теор,1.0
9,Rest,Прак,2.0
9,Rest,Блиц,12.0
10,Rest,№,1.0
10,Rest,Теор,45.0
10,Rest,Прак,29.0
10,Rest,Блиц,28.0
10,Rest,10.1,10.0
10,Rest,10.2,2.0
10,Rest,10.3,8.0
10,Rest,10.4,9.0
10,Rest,10.5,10.0
10,Rest,10.6,6.0
10,Rest,10.7,15.0
10,Rest,10.8,14.0
10,Rest,10.1.1,4.0
10,Rest,10.2.1,5.0
10,Rest,10.3.1,0.0
10,Rest,10.4.1,5.0
10,Rest,10.5.1,4.0
10,Rest,10.6.1,5.0
10,Rest,10.7.1,5.0
10,MO,№,2.0
10,MO,Теор,45.0
10,MO,Прак,15.0
10,MO,Блиц,30.0
10,MO,10.1,9.0
10,MO,10.2,8.0
10,MO,10.3,9.0
10,MO,10.4,8.0
10,MO,10.5,3.0
10,MO,10.6,8.0
10,MO,10.7,6.0
10,MO,10.8,9.0
10,MO,10.1.1,4.0
10,MO,10.2.1,5.0
10,MO,10.3.1,2.0
10,MO,10.4.1,5.0
10,MO,10.5.1,4.0
10,MO,10.6.1,5.0
10,MO,10.7.1,5.0
10,MO,№,3.0
10,MO,Теор,30.0
10,MO,Прак,26.0
10,MO,Блиц,30.0
10,MO,10.1,9.0
10,MO,10.2,2.0
10,MO,10.3,6.0
10,MO,10.4,4.0
10,MO,10.5,2.0
10,MO,10.6,7.0
10,MO,10.7,12.0
10,MO,10.8,14.0
10,MO,10.1.1,4.0
10,MO,10.2.1,5.0
10,MO,10.3.1,5.0
10,MO,10.4.1,3.0
10,MO,10.5.1,3.0
10,MO,10.6.1,5.0
10,MO,10.7.1,5.0
10,Rest,№,4.0
10,Rest,Теор,28.0
10,Rest,Прак,25.0
10,Rest,Блиц,33.0
10,Rest,10.1,9.0
10,Rest,10.2,2.0
10,Rest,10.3,5.0
10,Rest,10.4,5.0
10,Rest,10.5,7.0
10,Rest,10.6,0.0
10,Rest,10.7,12.0
10,Rest,10.8,13.0
10,Rest,10.1.1,5.0
10,Rest,10.2.1,5.0
10,Rest,10.3.1,4.0
10,Rest,10.4.1,5.0
10,Rest,10.5.1,4.0
10,Rest,10.6.1,5.0
10,Rest,10.7.1,5.0
10,Rest,№,5.0
10,Rest,Теор,34.0
10,Rest,Прак,20.0
10,Rest,Блиц,27.0
10,Rest,10.1,9.0
10,Rest,10.2,3.0
10,Rest,10.3,9.0
10,Rest,10.4,6.0
10,Rest,10.5,3.0
10,Rest,10.6,4.0
10,Rest,10.7,12.0
10,Rest,10.8,8.0
10,Rest,10.1.1,2.0
10,Rest,10.2.1,5.0
10,Rest,10.3.1,5.0
10,Rest,10.4.1,5.0
10,Rest,10.5.1,2.0
10,Rest,10.6.1,3.0
10,Rest,10.7.1,5.0
10,MO,№,6.0
10,MO,Теор,34.0
10,MO,Прак,23.0
10,MO,Блиц,23.0
10,MO,10.1,10.0
10,MO,10.2,4.0
10,MO,10.3,0.0
10,MO,10.4,5.0
10,MO,10.5,7.0
10,MO,10.6,8.0
10,MO,10.7,14.0
10,MO,10.8,9.0
10,MO,10.1.1,5.0
10,MO,10.2.1,5.0
10,MO,10.3.1,0.0
10,MO,10.4.1,1.0
10,MO,10.5.1,2.0
10,MO,10.6.1,5.0
10,MO,10.7.1,5.0
10,MO,№,7.0
10,MO,Теор,26.0
10,MO,Прак,24.0
10,MO,Блиц,29.0
10,MO,10.1,9.0
10,MO,10.2,2.0
10,MO,10.3,5.0
10,MO,10.4,2.0
10,MO,10.5,3.0
10,MO,10.6,5.0
10,MO,10.7,14.0
10,MO,10.8,10.0
10,MO,10.1.1,2.0
10,MO,10.2.1,5.0
10,MO,10.3.1,5.0
10,MO,10.4.1,5.0
10,MO,10.5.1,2.0
10,MO,10.6.1,5.0
10,MO,10.7.1,5.0
10,Rest,№,8.0
10,Rest,Теор,32.0
10,Rest,Прак,21.0
10,Rest,Блиц,25.0
10,Rest,10.1,5.0
10,Rest,10.2,2.0
10,Rest,10.3,7.0
10,Rest,10.4,8.0
10,Rest,10.5,4.0
10,Rest,10.6,6.0
10,Rest,10.7,11.0
10,Rest,10.8,10.0
10,Rest,10.1.1,3.0
10,Rest,10.2.1,5.0
10,Rest,10.3.1,0.0
10,Rest,10.4.1,5.0
10,Rest,10.5.1,2.0
10,Rest,10.6.1,5.0
10,Rest,10.7.1,5.0
10,Rest,№,9.0
10,Rest,Теор,32.0
10,Rest,Прак,16.0
10,Rest,Блиц,30.0
10,Rest,10.1,5.0
10,Rest,10.2,2.0
10,Rest,10.3,7.0
10,Rest,10.4,2.0
10,Rest,10.5,9.0
10,Rest,10.6,7.0
10,Rest,10.7,7.0
10,Rest,10.8,9.0
10,Rest,10.1.1,5.0
10,Rest,10.2.1,5.0
10,Rest,10.3.1,2.0
10,Rest,10.4.1,5.0
10,Rest,10.5.1,3.0
10,Rest,10.6.1,5.0
10,Rest,10.7.1,5.0
10,Rest,№,10.0
10,Rest,Теор,28.0
10,Rest,Прак,18.0
10,Rest,Блиц,27.0
10,Rest,10.1,9.0
10,Rest,10.2,3.0
10,Rest,10.3,8.0
10,Rest,10.4,6.0
10,Rest,10.5,1.0
10,Rest,10.6,1.0
10,Rest,10.7,8.0
10,Rest,10.8,10.0
10,Rest,10.1.1,3.0
10,Rest,10.2.1,5.0
10,Rest,10.3.1,1.0
10,Rest,10.4.1,5.0
10,Rest,10.5.1,4.0
10,Rest,10.6.1,5.0
10,Rest,10.7.1,4.0
10,MO,№,11.0
10,MO,Теор,30.0
10,MO,Прак,15.0
10,MO,Блиц,28.0
10,MO,10.1,10.0
10,MO,10.2,4.0
10,MO,10.3,6.0
10,MO,10.4,7.0
10,MO,10.5,0.0
10,MO,10.6,3.0
10,MO,10.7,11.0
10,MO,10.8,4.0
10,MO,10.1.1,5.0
10,MO,10.2.1,4.0
10,MO,10.3.1,0.0
10,MO,10.4.1,5.0
10,MO,10.5.1,4.0
10,MO,10.6.1,5.0
10,MO,10.7.1,5.0
10,Rest,№,12.0
10,Rest,Теор,37.0
10,Rest,Прак,15.0
10,Rest,Блиц,21.0
10,Rest,10.1,10.0
10,Rest,10.2,1.0
10,Rest,10.3,10.0
10,Rest,10.4,5.0
10,Rest,10.5,3.0
10,Rest,10.6,8.0
10,Rest,10.7,7.0
10,Rest,10.8,8.0
10,Rest,10.1.1,3.0
10,Rest,10.2.1,4.0
10,Rest,10.3.1,0.0
10,Rest,10.4.1,2.0
10,Rest,10.5.1,2.0
10,Rest,10.6.1,5.0
10,Rest,10.7.1,5.0
10,Rest,№,13.0
10,Rest,Теор,35.0
10,Rest,Прак,10.0
10,Rest,Блиц,28.0
10,Rest,10.1,7.0
10,Rest,10.2,7.0
10,Rest,10.3,1.0
10,Rest,10.4,7.0
10,Rest,10.5,4.0
10,Rest,10.6,9.0
10,Rest,10.7,3.0
10,Rest,10.8,7.0
10,Rest,10.1.1,5.0
10,Rest,10.2.1,5.0
10,Rest,10.3.1,1.0
10,Rest,10.4.1,5.0
10,Rest,10.5.1,2.0
10,Rest,10.6.1,5.0
10,Rest,10.7.1,5.0
10,Rest,№,14.0
10,Rest,Теор,34.0
10,Rest,Прак,14.0
10,Rest,Блиц,24.0
10,Rest,10.1,8.0
10,Rest,10.2,2.0
10,Rest,10.3,7.0
10,Rest,10.4,0.0
10,Rest,10.5,8.0
10,Rest,10.6,9.0
10,Rest,10.7,8.0
10,Rest,10.8,6.0
10,Rest,10.1.1,3.0
10,Rest,10.2.1,2.0
10,Rest,10.3.1,2.0
10,Rest,10.4.1,5.0
10,Rest,10.5.1,4.0
10,Rest,10.6.1,3.0
10,Rest,10.7.1,5.0
10,Rest,№,15.0
10,Rest,Теор,29.0
10,Rest,Прак,18.0
10,Rest,Блиц,24.0
10,Rest,10.1,7.0
10,Rest,10.2,2.0
10,Rest,10.3,4.0
10,Rest,10.4,7.0
10,Rest,10.5,7.0
10,Rest,10.6,2.0
10,Rest,10.7,13.0
10,Rest,10.8,5.0
10,Rest,10.1.1,3.0
10,Rest,10.2.1,5.0
10,Rest,10.3.1,0.0
10,Rest,10.4.1,2.0
10,Rest,10.5.1,5.0
10,Rest,10.6.1,4.0
10,Rest,10.7.1,5.0
10,Rest,№,16.0
10,Rest,Теор,29.0
10,Rest,Прак,17.0
10,Rest,Блиц,25.0
10,Rest,10.1,9.0
10,Rest,10.2,2.0
10,Rest,10.3,5.0
10,Rest,10.4,6.0
10,Rest,10.5,3.0
10,Rest,10.6,4.0
10,Rest,10.7,7.0
10,Rest,10.8,10.0
10,Rest,10.1.1,3.0
10,Rest,10.2.1,5.0
10,Rest,10.3.1,0.0
10,Rest,10.4.1,5.0
10,Rest,10.5.1,3.0
10,Rest,10.6.1,4.0
10,Rest,10.7.1,5.0
10,MO,№,17.0
10,MO,Теор,29.0
10,MO,Прак,16.0
10,MO,Блиц,26.0
10,MO,10.1,5.0
10,MO,10.2,4.0
10,MO,10.3,9.0
10,MO,10.4,7.0
10,MO,10.5,4.0
10,MO,10.6,0.0
10,MO,10.7,9.0
10,MO,10.8,7.0
10,MO,10.1.1,4.0
10,MO,10.2.1,4.0
10,MO,10.3.1,0.0
10,MO,10.4.1,5.0
10,MO,10.5.1,3.0
10,MO,10.6.1,5.0
10,MO,10.7.1,5.0
10,Rest,№,18.0
10,Rest,Теор,32.0
10,Rest,Прак,14.0
10,Rest,Блиц,24.0
10,Rest,10.1,7.0
10,Rest,10.2,3.0
10,Rest,10.3,5.0
10,Rest,10.4,3.0
10,Rest,10.5,9.0
10,Rest,10.6,5.0
10,Rest,10.7,11.0
10,Rest,10.8,3.0
10,Rest,10.1.1,4.0
10,Rest,10.2.1,5.0
10,Rest,10.3.1,2.0
10,Rest,10.4.1,1.0
10,Rest,10.5.1,4.0
10,Rest,10.6.1,3.0
10,Rest,10.7.1,5.0
10,MO,№,19.0
10,MO,Теор,25.0
10,MO,Прак,19.0
10,MO,Блиц,26.0
10,MO,10.1,5.0
10,MO,10.2,2.0
10,MO,10.3,4.0
10,MO,10.4,7.0
10,MO,10.5,4.0
10,MO,10.6,3.0
10,MO,10.7,12.0
10,MO,10.8,7.0
10,MO,10.1.1,2.0
10,MO,10.2.1,3.0
10,MO,10.3.1,5.0
10,MO,10.4.1,5.0
10,MO,10.5.1,1.0
10,MO,10.6.1,5.0
10,MO,10.7.1,5.0
10,MO,№,20.0
10,MO,Теор,19.0
10,MO,Прак,24.0
10,MO,Блиц,26.0
10,MO,10.1,4.0
10,MO,10.2,3.0
10,MO,10.3,0.0
10,MO,10.4,2.0
10,MO,10.5,3.0
10,MO,10.6,7.0
10,MO,10.7,11.0
10,MO,10.8,13.0
10,MO,10.1.1,4.0
10,MO,10.2.1,4.0
10,MO,10.3.1,0.0
10,MO,10.4.1,5.0
10,MO,10.5.1,4.0
10,MO,10.6.1,4.0
10,MO,10.7.1,5.0
10,MO,№,21.0
10,MO,Теор,32.0
10,MO,Прак,18.0
10,MO,Блиц,17.0
10,MO,10.1,5.0
10,MO,10.2,3.0
10,MO,10.3,6.0
10,MO,10.4,7.0
10,MO,10.5,7.0
10,MO,10.6,4.0
10,MO,10.7,8.0
10,MO,10.8,10.0
10,MO,10.1.1,1.0
10,MO,10.2.1,0.0
10,MO,10.3.1,3.0
10,MO,10.4.1,3.0
10,MO,10.5.1,1.0
10,MO,10.6.1,4.0
10,MO,10.7.1,5.0
10,MO,№,22.0
10,MO,Теор,22.0
10,MO,Прак,20.0
10,MO,Блиц,25.0
10,MO,10.1,7.0
10,MO,10.2,2.0
10,MO,10.3,3.0
10,MO,10.4,1.0
10,MO,10.5,3.0
10,MO,10.6,6.0
10,MO,10.7,8.0
10,MO,10.8,12.0
10,MO,10.1.1,3.0
10,MO,10.2.1,3.0
10,MO,10.3.1,2.0
10,MO,10.4.1,5.0
10,MO,10.5.1,3.0
10,MO,10.6.1,4.0
10,MO,10.7.1,5.0
10,Rest,№,23.0
10,Rest,Теор,27.0
10,Rest,Прак,17.0
10,Rest,Блиц,23.0
10,Rest,10.1,5.0
10,Rest,10.2,2.0
10,Rest,10.3,6.0
10,Rest,10.4,5.0
10,Rest,10.5,4.0
10,Rest,10.6,5.0
10,Rest,10.7,12.0
10,Rest,10.8,5.0
10,Rest,10.1.1,4.0
10,Rest,10.2.1,5.0
10,Rest,10.3.1,0.0
10,Rest,10.4.1,2.0
10,Rest,10.5.1,3.0
10,Rest,10.6.1,4.0
10,Rest,10.7.1,5.0
10,Rest,№,24.0
10,Rest,Теор,24.0
10,Rest,Прак,19.0
10,Rest,Блиц,23.0
10,Rest,10.1,4.0
10,Rest,10.2,2.0
10,Rest,10.3,8.0
10,Rest,10.4,1.0
10,Rest,10.5,4.0
10,Rest,10.6,5.0
10,Rest,10.7,15.0
10,Rest,10.8,4.0
10,Rest,10.1.1,4.0
10,Rest,10.2.1,3.0
10,Rest,10.3.1,0.0
10,Rest,10.4.1,3.0
10,Rest,10.5.1,4.0
10,Rest,10.6.1,4.0
10,Rest,10.7.1,5.0
10,Rest,№,25.0
10,Rest,Теор,23.0
10,Rest,Прак,19.0
10,Rest,Блиц,24.0
10,Rest,10.1,6.0
10,Rest,10.2,1.0
10,Rest,10.3,7.0
10,Rest,10.4,1.0
10,Rest,10.5,4.0
10,Rest,10.6,4.0
10,Rest,10.7,15.0
10,Rest,10.8,4.0
10,Rest,10.1.1,4.0
10,Rest,10.2.1,4.0
10,Rest,10.3.1,0.0
10,Rest,10.4.1,2.0
10,Rest,10.5.1,4.0
10,Rest,10.6.1,5.0
10,Rest,10.7.1,5.0
10,MO,№,26.0
10,MO,Теор,20.0
10,MO,Прак,19.0
10,MO,Блиц,26.0
10,MO,10.1,5.0
10,MO,10.2,4.0
10,MO,10.3,2.0
10,MO,10.4,2.0
10,MO,10.5,3.0
10,MO,10.6,4.0
10,MO,10.7,13.0
10,MO,10.8,6.0
10,MO,10.1.1,3.0
10,MO,10.2.1,3.0
10,MO,10.3.1,2.0
10,MO,10.4.1,5.0
10,MO,10.5.1,3.0
10,MO,10.6.1,5.0
10,MO,10.7.1,5.0
10,Rest,№,27.0
10,Rest,Теор,31.0
10,Rest,Прак,16.0
10,Rest,Блиц,18.0
10,Rest,10.1,8.0
10,Rest,10.2,2.0
10,Rest,10.3,4.0
10,Rest,10.4,7.0
10,Rest,10.5,4.0
10,Rest,10.6,6.0
10,Rest,10.7,11.0
10,Rest,10.8,5.0
10,Rest,10.1.1,4.0
10,Rest,10.2.1,3.0
10,Rest,10.3.1,4.0
10,Rest,10.4.1,0.0
10,Rest,10.5.1,3.0
10,Rest,10.6.1,3.0
10,Rest,10.7.1,1.0
10,Rest,№,28.0
10,Rest,Теор,35.0
10,Rest,Прак,8.0
10,Rest,Блиц,22.0
10,Rest,10.1,9.0
10,Rest,10.2,1.0
10,Rest,10.3,9.0
10,Rest,10.4,6.0
10,Rest,10.5,6.0
10,Rest,10.6,4.0
10,Rest,10.7,6.0
10,Rest,10.8,2.0
10,Rest,10.1.1,4.0
10,Rest,10.2.1,5.0
10,Rest,10.3.1,1.0
10,Rest,10.4.1,3.0
10,Rest,10.5.1,3.0
10,Rest,10.6.1,5.0
10,Rest,10.7.1,1.0
10,Rest,№,29.0
10,Rest,Теор,25.0
10,Rest,Прак,15.0
10,Rest,Блиц,24.0
10,Rest,10.1,4.0
10,Rest,10.2,5.0
10,Rest,10.3,6.0
10,Rest,10.4,2.0
10,Rest,10.5,3.0
10,Rest,10.6,5.0
10,Rest,10.7,11.0
10,Rest,10.8,4.0
10,Rest,10.1.1,4.0
10,Rest,10.2.1,5.0
10,Rest,10.3.1,1.0
10,Rest,10.4.1,1.0
10,Rest,10.5.1,3.0
10,Rest,10.6.1,5.0
10,Rest,10.7.1,5.0
10,Rest,№,30.0
10,Rest,Теор,23.0
10,Rest,Прак,12.0
10,Rest,Блиц,28.0
10,Rest,10.1,7.0
10,Rest,10.2,2.0
10,Rest,10.3,7.0
10,Rest,10.4,1.0
10,Rest,10.5,3.0
10,Rest,10.6,3.0
10,Rest,10.7,6.0
10,Rest,10.8,6.0
10,Rest,10.1.1,4.0
10,Rest,10.2.1,5.0
10,Rest,10.3.1,5.0
10,Rest,10.4.1,3.0
10,Rest,10.5.1,3.0
10,Rest,10.6.1,4.0
10,Rest,10.7.1,4.0
10,MO,№,31.0
10,MO,Теор,22.0
10,MO,Прак,16.0
10,MO,Блиц,25.0
10,MO,10.1,5.0
10,MO,10.2,3.0
10,MO,10.3,5.0
10,MO,10.4,2.0
10,MO,10.5,1.0
10,MO,10.6,6.0
10,MO,10.7,10.0
10,MO,10.8,6.0
10,MO,10.1.1,5.0
10,MO,10.2.1,5.0
10,MO,10.3.1,1.0
10,MO,10.4.1,5.0
10,MO,10.5.1,3.0
10,MO,10.6.1,4.0
10,MO,10.7.1,2.0
10,Rest,№,32.0
10,Rest,Теор,25.0
10,Rest,Прак,15.0
10,Rest,Блиц,23.0
10,Rest,10.1,8.0
10,Rest,10.2,1.0
10,Rest,10.3,5.0
10,Rest,10.4,3.0
10,Rest,10.5,0.0
10,Rest,10.6,8.0
10,Rest,10.7,11.0
10,Rest,10.8,4.0
10,Rest,10.1.1,4.0
10,Rest,10.2.1,5.0
10,Rest,10.3.1,0.0
10,Rest,10.4.1,2.0
10,Rest,10.5.1,3.0
10,Rest,10.6.1,4.0
10,Rest,10.7.1,5.0
10,Rest,№,33.0
10,Rest,Теор,22.0
10,Rest,Прак,20.0
10,Rest,Блиц,21.0
10,Rest,10.1,9.0
10,Rest,10.2,2.0
10,Rest,10.3,7.0
10,Rest,10.4,0.0
10,Rest,10.5,1.0
10,Rest,10.6,3.0
10,Rest,10.7,7.0
10,Rest,10.8,13.0
10,Rest,10.1.1,3.0
10,Rest,10.2.1,5.0
10,Rest,10.3.1,1.0
10,Rest,10.4.1,2.0
10,Rest,10.5.1,2.0
10,Rest,10.6.1,3.0
10,Rest,10.7.1,5.0
10,MO,№,34.0
10,MO,Теор,16.0
10,MO,Прак,22.0
10,MO,Блиц,23.0
10,MO,10.1,5.0
10,MO,10.2,2.0
10,MO,10.3,4.0
10,MO,10.4,0.0
10,MO,10.5,2.0
10,MO,10.6,3.0
10,MO,10.7,9.0
10,MO,10.8,13.0
10,MO,10.1.1,2.0
10,MO,10.2.1,5.0
10,MO,10.3.1,0.0
10,MO,10.4.1,2.0
10,MO,10.5.1,4.0
10,MO,10.6.1,5.0
10,MO,10.7.1,5.0
10,Rest,№,35.0
10,Rest,Теор,23.0
10,Rest,Прак,15.0
10,Rest,Блиц,23.0
10,Rest,10.1,9.0
10,Rest,10.2,6.0
10,Rest,10.3,1.0
10,Rest,10.4,1.0
10,Rest,10.5,1.0
10,Rest,10.6,5.0
10,Rest,10.7,9.0
10,Rest,10.8,6.0
10,Rest,10.1.1,4.0
10,Rest,10.2.1,3.0
10,Rest,10.3.1,0.0
10,Rest,10.4.1,4.0
10,Rest,10.5.1,2.0
10,Rest,10.6.1,5.0
10,Rest,10.7.1,5.0
10,Rest,№,36.0
10,Rest,Теор,22.0
10,Rest,Прак,15.0
10,Rest,Блиц,21.0
10,Rest,10.1,5.0
10,Rest,10.2,8.0
10,Rest,10.3,5.0
10,Rest,10.4,1.0
10,Rest,10.5,2.0
10,Rest,10.6,1.0
10,Rest,10.7,6.0
10,Rest,10.8,9.0
10,Rest,10.1.1,4.0
10,Rest,10.2.1,3.0
10,Rest,10.3.1,0.0
10,Rest,10.4.1,2.0
10,Rest,10.5.1,3.0
10,Rest,10.6.1,4.0
10,Rest,10.7.1,5.0
10,MO,№,37.0
10,MO,Теор,25.0
10,MO,Прак,13.0
10,MO,Блиц,20.0
10,MO,10.1,5.0
10,MO,10.2,4.0
10,MO,10.3,2.0
10,MO,10.4,4.0
10,MO,10.5,3.0
10,MO,10.6,7.0
10,MO,10.7,5.0
10,MO,10.8,8.0
10,MO,10.1.1,5.0
10,MO,10.2.1,3.0
10,MO,10.3.1,0.0
10,MO,10.4.1,0.0
10,MO,10.5.1,2.0
10,MO,10.6.1,5.0
10,MO,10.7.1,5.0
10,Rest,№,38.0
10,Rest,Теор,20.0
10,Rest,Прак,12.0
10,Rest,Блиц,26.0
10,Rest,10.1,4.0
10,Rest,10.2,2.0
10,Rest,10.3,7.0
10,Rest,10.4,2.0
10,Rest,10.5,1.0
10,Rest,10.6,4.0
10,Rest,10.7,8.0
10,Rest,10.8,4.0
10,Rest,10.1.1,4.0
10,Rest,10.2.1,3.0
10,Rest,10.3.1,5.0
10,Rest,10.4.1,2.0
10,Rest,10.5.1,2.0
10,Rest,10.6.1,5.0
10,Rest,10.7.1,5.0
10,Rest,№,39.0
10,Rest,Теор,17.0
10,Rest,Прак,17.0
10,Rest,Блиц,23.0
10,Rest,10.1,9.0
10,Rest,10.2,2.0
10,Rest,10.3,3.0
10,Rest,10.4,1.0
10,Rest,10.5,1.0
10,Rest,10.6,1.0
10,Rest,10.7,11.0
10,Rest,10.8,6.0
10,Rest,10.1.1,4.0
10,Rest,10.2.1,5.0
10,Rest,10.3.1,1.0
10,Rest,10.4.1,2.0
10,Rest,10.5.1,3.0
10,Rest,10.6.1,3.0
10,Rest,10.7.1,5.0
10,Rest,№,40.0
10,Rest,Теор,26.0
10,Rest,Прак,15.0
10,Rest,Блиц,15.0
10,Rest,10.1,7.0
10,Rest,10.2,2.0
10,Rest,10.3,2.0
10,Rest,10.4,8.0
10,Rest,10.5,1.0
10,Rest,10.6,6.0
10,Rest,10.7,9.0
10,Rest,10.8,6.0
10,Rest,10.1.1,3.0
10,Rest,10.2.1,4.0
10,Rest,10.3.1,0.0
10,Rest,10.4.1,2.0
10,Rest,10.5.1,1.0
10,Rest,10.6.1,3.0
10,Rest,10.7.1,2.0
10,MO,№,41.0
10,MO,Теор,23.0
10,MO,Прак,12.0
10,MO,Блиц,21.0
10,MO,10.1,8.0
10,MO,10.2,2.0
10,MO,10.3,6.0
10,MO,10.4,3.0
10,MO,10.5,3.0
10,MO,10.6,1.0
10,MO,10.7,5.0
10,MO,10.8,7.0
10,MO,10.1.1,3.0
10,MO,10.2.1,2.0
10,MO,10.3.1,1.0
10,MO,10.4.1,2.0
10,MO,10.5.1,3.0
10,MO,10.6.1,5.0
10,MO,10.7.1,5.0
10,Rest,№,42.0
10,Rest,Теор,25.0
10,Rest,Прак,13.0
10,Rest,Блиц,18.0
10,Rest,10.1,9.0
10,Rest,10.2,1.0
10,Rest,10.3,6.0
10,Rest,10.4,5.0
10,Rest,10.5,3.0
10,Rest,10.6,1.0
10,Rest,10.7,9.0
10,Rest,10.8,4.0
10,Rest,10.1.1,2.0
10,Rest,10.2.1,0.0
10,Rest,10.3.1,1.0
10,Rest,10.4.1,3.0
10,Rest,10.5.1,5.0
10,Rest,10.6.1,2.0
10,Rest,10.7.1,5.0
10,Rest,№,43.0
10,Rest,Теор,17.0
10,Rest,Прак,14.0
10,Rest,Блиц,25.0
10,Rest,10.1,7.0
10,Rest,10.2,2.0
10,Rest,10.3,0.0
10,Rest,10.4,4.0
10,Rest,10.5,4.0
10,Rest,10.6,0.0
10,Rest,10.7,12.0
10,Rest,10.8,2.0
10,Rest,10.1.1,5.0
10,Rest,10.2.1,5.0
10,Rest,10.3.1,1.0
10,Rest,10.4.1,1.0
10,Rest,10.5.1,3.0
10,Rest,10.6.1,5.0
10,Rest,10.7.1,5.0
10,Rest,№,44.0
10,Rest,Теор,26.0
10,Rest,Прак,9.0
10,Rest,Блиц,21.0
10,Rest,10.1,10.0
10,Rest,10.2,2.0
10,Rest,10.3,7.0
10,Rest,10.4,0.0
10,Rest,10.5,3.0
10,Rest,10.6,4.0
10,Rest,10.7,5.0
10,Rest,10.8,4.0
10,Rest,10.1.1,3.0
10,Rest,10.2.1,4.0
10,Rest,10.3.1,2.0
10,Rest,10.4.1,3.0
10,Rest,10.5.1,2.0
10,Rest,10.6.1,4.0
10,Rest,10.7.1,3.0
10,Rest,№,45.0
10,Rest,Теор,18.0
10,Rest,Прак,17.0
10,Rest,Блиц,20.0
10,Rest,10.1,5.0
10,Rest,10.2,3.0
10,Rest,10.3,3.0
10,Rest,10.4,2.0
10,Rest,10.5,2.0
10,Rest,10.6,3.0
10,Rest,10.7,7.0
10,Rest,10.8,10.0
10,Rest,10.1.1,3.0
10,Rest,10.2.1,1.0
10,Rest,10.3.1,4.0
10,Rest,10.4.1,2.0
10,Rest,10.5.1,3.0
10,Rest,10.6.1,2.0
10,Rest,10.7.1,5.0
10,Rest,№,46.0
10,Rest,Теор,20.0
10,Rest,Прак,10.0
10,Rest,Блиц,24.0
10,Rest,10.1,9.0
10,Rest,10.2,1.0
10,Rest,10.3,5.0
10,Rest,10.4,2.0
10,Rest,10.5,3.0
10,Rest,10.6,0.0
10,Rest,10.7,2.0
10,Rest,10.8,8.0
10,Rest,10.1.1,4.0
10,Rest,10.2.1,5.0
10,Rest,10.3.1,0.0
10,Rest,10.4.1,3.0
10,Rest,10.5.1,3.0
10,Rest,10.6.1,4.0
10,Rest,10.7.1,5.0
10,Rest,№,47.0
10,Rest,Теор,21.0
10,Rest,Прак,9.0
10,Rest,Блиц,24.0
10,Rest,10.1,6.0
10,Rest,10.2,4.0
10,Rest,10.3,6.0
10,Rest,10.4,1.0
10,Rest,10.5,2.0
10,Rest,10.6,2.0
10,Rest,10.7,4.0
10,Rest,10.8,5.0
10,Rest,10.1.1,4.0
10,Rest,10.2.1,5.0
10,Rest,10.3.1,0.0
10,Rest,10.4.1,5.0
10,Rest,10.5.1,4.0
10,Rest,10.6.1,4.0
10,Rest,10.7.1,2.0
10,Rest,№,48.0
10,Rest,Теор,24.0
10,Rest,Прак,11.0
10,Rest,Блиц,19.0
10,Rest,10.1,6.0
10,Rest,10.2,0.0
10,Rest,10.3,6.0
10,Rest,10.4,9.0
10,Rest,10.5,3.0
10,Rest,10.6,0.0
10,Rest,10.7,2.0
10,Rest,10.8,9.0
10,Rest,10.1.1,1.0
10,Rest,10.2.1,4.0
10,Rest,10.3.1,0.0
10,Rest,10.4.1,5.0
10,Rest,10.5.1,3.0
10,Rest,10.6.1,1.0
10,Rest,10.7.1,5.0
10,Rest,№,49.0
10,Rest,Теор,20.0
10,Rest,Прак,10.0
10,Rest,Блиц,23.0
10,Rest,10.1,8.0
10,Rest,10.2,4.0
10,Rest,10.3,3.0
10,Rest,10.4,1.0
10,Rest,10.5,1.0
10,Rest,10.6,3.0
10,Rest,10.7,6.0
10,Rest,10.8,4.0
10,Rest,10.1.1,4.0
10,Rest,10.2.1,4.0
10,Rest,10.3.1,0.0
10,Rest,10.4.1,5.0
10,Rest,10.5.1,2.0
10,Rest,10.6.1,3.0
10,Rest,10.7.1,5.0
10,Rest,№,50.0
10,Rest,Теор,17.0
10,Rest,Прак,14.0
10,Rest,Блиц,22.0
10,Rest,10.1,8.0
10,Rest,10.2,2.0
10,Rest,10.3,6.0
10,Rest,10.4,1.0
10,Rest,10.5,0.0
10,Rest,10.6,0.0
10,Rest,10.7,12.0
10,Rest,10.8,2.0
10,Rest,10.1.1,4.0
10,Rest,10.2.1,5.0
10,Rest,10.3.1,0.0
10,Rest,10.4.1,3.0
10,Rest,10.5.1,2.0
10,Rest,10.6.1,4.0
10,Rest,10.7.1,4.0
10,Rest,№,51.0
10,Rest,Теор,16.0
10,Rest,Прак,10.0
10,Rest,Блиц,25.0
10,Rest,10.1,4.0
10,Rest,10.2,2.0
10,Rest,10.3,3.0
10,Rest,10.4,0.0
10,Rest,10.5,3.0
10,Rest,10.6,4.0
10,Rest,10.7,6.0
10,Rest,10.8,4.0
10,Rest,10.1.1,4.0
10,Rest,10.2.1,5.0
10,Rest,10.3.1,0.0
10,Rest,10.4.1,4.0
10,Rest,10.5.1,3.0
10,Rest,10.6.1,4.0
10,Rest,10.7.1,5.0
10,Rest,№,52.0
10,Rest,Теор,18.0
10,Rest,Прак,8.0
10,Rest,Блиц,25.0
10,Rest,10.1,4.0
10,Rest,10.2,4.0
10,Rest,10.3,7.0
10,Rest,10.4,3.0
10,Rest,10.5,0.0
10,Rest,10.6,0.0
10,Rest,10.7,4.0
10,Rest,10.8,4.0
10,Rest,10.1.1,5.0
10,Rest,10.2.1,5.0
10,Rest,10.3.1,4.0
10,Rest,10.4.1,0.0
10,Rest,10.5.1,4.0
10,Rest,10.6.1,2.0
10,Rest,10.7.1,5.0
10,Rest,№,53.0
10,Rest,Теор,20.0
10,Rest,Прак,13.0
10,Rest,Блиц,18.0
10,Rest,10.1,5.0
10,Rest,10.2,2.0
10,Rest,10.3,5.0
10,Rest,10.4,0.0
10,Rest,10.5,4.0
10,Rest,10.6,4.0
10,Rest,10.7,5.0
10,Rest,10.8,8.0
10,Rest,10.1.1,3.0
10,Rest,10.2.1,5.0
10,Rest,10.3.1,0.0
10,Rest,10.4.1,1.0
10,Rest,10.5.1,1.0
10,Rest,10.6.1,5.0
10,Rest,10.7.1,3.0
10,Rest,№,54.0
10,Rest,Теор,16.0
10,Rest,Прак,18.0
10,Rest,Блиц,16.0
10,Rest,10.1,4.0
10,Rest,10.2,2.0
10,Rest,10.3,2.0
10,Rest,10.4,2.0
10,Rest,10.5,3.0
10,Rest,10.6,3.0
10,Rest,10.7,12.0
10,Rest,10.8,6.0
10,Rest,10.1.1,4.0
10,Rest,10.2.1,0.0
10,Rest,10.3.1,0.0
10,Rest,10.4.1,3.0
10,Rest,10.5.1,2.0
10,Rest,10.6.1,2.0
10,Rest,10.7.1,5.0
10,Rest,№,55.0
10,Rest,Теор,24.0
10,Rest,Прак,5.0
10,Rest,Блиц,20.0
10,Rest,10.1,9.0
10,Rest,10.2,1.0
10,Rest,10.3,8.0
10,Rest,10.4,1.0
10,Rest,10.5,5.0
10,Rest,10.6,0.0
10,Rest,10.7,4.0
10,Rest,10.8,1.0
10,Rest,10.1.1,3.0
10,Rest,10.2.1,4.0
10,Rest,10.3.1,0.0
10,Rest,10.4.1,4.0
10,Rest,10.5.1,3.0
10,Rest,10.6.1,1.0
10,Rest,10.7.1,5.0
10,Rest,№,56.0
10,Rest,Теор,27.0
10,Rest,Прак,3.0
10,Rest,Блиц,17.0
10,Rest,10.1,5.0
10,Rest,10.2,1.0
10,Rest,10.3,9.0
10,Rest,10.4,5.0
10,Rest,10.5,6.0
10,Rest,10.6,1.0
10,Rest,10.7,1.0
10,Rest,10.8,2.0
10,Rest,10.1.1,0.0
10,Rest,10.2.1,1.0
10,Rest,10.3.1,0.0
10,Rest,10.4.1,2.0
10,Rest,10.5.1,4.0
10,Rest,10.6.1,5.0
10,Rest,10.7.1,5.0
10,Rest,№,57.0
10,Rest,Теор,16.0
10,Rest,Прак,10.0
10,Rest,Блиц,21.0
10,Rest,10.1,5.0
10,Rest,10.2,2.0
10,Rest,10.3,0.0
10,Rest,10.4,1.0
10,Rest,10.5,4.0
10,Rest,10.6,4.0
10,Rest,10.7,9.0
10,Rest,10.8,1.0
10,Rest,10.1.1,1.0
10,Rest,10.2.1,5.0
10,Rest,10.3.1,2.0
10,Rest,10.4.1,3.0
10,Rest,10.5.1,2.0
10,Rest,10.6.1,3.0
10,Rest,10.7.1,5.0
10,Rest,№,58.0
10,Rest,Теор,20.0
10,Rest,Прак,6.0
10,Rest,Блиц,21.0
10,Rest,10.1,10.0
10,Rest,10.2,2.0
10,Rest,10.3,1.0
10,Rest,10.4,1.0
10,Rest,10.5,3.0
10,Rest,10.6,3.0
10,Rest,10.7,4.0
10,Rest,10.8,2.0
10,Rest,10.1.1,4.0
10,Rest,10.2.1,5.0
10,Rest,10.3.1,0.0
10,Rest,10.4.1,2.0
10,Rest,10.5.1,4.0
10,Rest,10.6.1,3.0
10,Rest,10.7.1,3.0
10,Rest,№,59.0
10,Rest,Теор,14.0
10,Rest,Прак,9.0
10,Rest,Блиц,24.0
10,Rest,10.1,5.0
10,Rest,10.2,2.0
10,Rest,10.3,2.0
10,Rest,10.4,2.0
10,Rest,10.5,1.0
10,Rest,10.6,2.0
10,Rest,10.7,6.0
10,Rest,10.8,3.0
10,Rest,10.1.1,0.0
10,Rest,10.2.1,4.0
10,Rest,10.3.1,2.0
10,Rest,10.4.1,4.0
10,Rest,10.5.1,5.0
10,Rest,10.6.1,4.0
10,Rest,10.7.1,5.0
10,Rest,№,60.0
10,Rest,Теор,23.0
10,Rest,Прак,6.0
10,Rest,Блиц,17.0
10,Rest,10.1,9.0
10,Rest,10.2,2.0
10,Rest,10.3,7.0
10,Rest,10.4,5.0
10,Rest,10.5,0.0
10,Rest,10.6,0.0
10,Rest,10.7,0.0
10,Rest,10.8,6.0
10,Rest,10.1.1,4.0
10,Rest,10.2.1,4.0
10,Rest,10.3.1,0.0
10,Rest,10.4.1,2.0
10,Rest,10.5.1,2.0
10,Rest,10.6.1,2.0
10,Rest,10.7.1,3.0
10,Rest,№,61.0
10,Rest,Теор,12.0
10,Rest,Прак,12.0
10,Rest,Блиц,21.0
10,Rest,10.1,7.0
10,Rest,10.2,2.0
10,Rest,10.3,0.0
10,Rest,10.4,1.0
10,Rest,10.5,0.0
10,Rest,10.6,2.0
10,Rest,10.7,10.0
10,Rest,10.8,2.0
10,Rest,10.1.1,3.0
10,Rest,10.2.1,5.0
10,Rest,10.3.1,0.0
10,Rest,10.4.1,1.0
10,Rest,10.5.1,2.0
10,Rest,10.6.1,5.0
10,Rest,10.7.1,5.0
10,Rest,№,62.0
10,Rest,Теор,11.0
10,Rest,Прак,9.0
10,Rest,Блиц,25.0
10,Rest,10.1,6.0
10,Rest,10.2,1.0
10,Rest,10.3,2.0
10,Rest,10.4,1.0
10,Rest,10.5,1.0
10,Rest,10.6,0.0
10,Rest,10.7,5.0
10,Rest,10.8,4.0
10,Rest,10.1.1,3.0
10,Rest,10.2.1,5.0
10,Rest,10.3.1,3.0
10,Rest,10.4.1,1.0
10,Rest,10.5.1,4.0
10,Rest,10.6.1,4.0
10,Rest,10.7.1,5.0
10,Rest,№,63.0
10,Rest,Теор,17.0
10,Rest,Прак,13.0
10,Rest,Блиц,14.0
10,Rest,10.1,5.0
10,Rest,10.2,0.0
10,Rest,10.3,5.0
10,Rest,10.4,1.0
10,Rest,10.5,3.0
10,Rest,10.6,3.0
10,Rest,10.7,4.0
10,Rest,10.8,9.0
10,Rest,10.1.1,2.0
10,Rest,10.2.1,0.0
10,Rest,10.3.1,1.0
10,Rest,10.4.1,2.0
10,Rest,10.5.1,1.0
10,Rest,10.6.1,3.0
10,Rest,10.7.1,5.0
10,Rest,№,64.0
10,Rest,Теор,17.0
10,Rest,Прак,4.0
10,Rest,Блиц,23.0
10,Rest,10.1,5.0
10,Rest,10.2,2.0
10,Rest,10.3,1.0
10,Rest,10.4,2.0
10,Rest,10.5,2.0
10,Rest,10.6,5.0
10,Rest,10.7,1.0
10,Rest,10.8,3.0
10,Rest,10.1.1,4.0
10,Rest,10.2.1,5.0
10,Rest,10.3.1,0.0
10,Rest,10.4.1,5.0
10,Rest,10.5.1,1.0
10,Rest,10.6.1,5.0
10,Rest,10.7.1,3.0
10,Rest,№,65.0
10,Rest,Теор,19.0
10,Rest,Прак,8.0
10,Rest,Блиц,17.0
10,Rest,10.1,5.0
10,Rest,10.2,1.0
10,Rest,10.3,7.0
10,Rest,10.4,2.0
10,Rest,10.5,4.0
10,Rest,10.6,0.0
10,Rest,10.7,2.0
10,Rest,10.8,6.0
10,Rest,10.1.1,4.0
10,Rest,10.2.1,2.0
10,Rest,10.3.1,0.0
10,Rest,10.4.1,2.0
10,Rest,10.5.1,3.0
10,Rest,10.6.1,1.0
10,Rest,10.7.1,5.0
10,Rest,№,66.0
10,Rest,Теор,19.0
10,Rest,Прак,6.0
10,Rest,Блиц,18.0
10,Rest,10.1,5.0
10,Rest,10.2,1.0
10,Rest,10.3,6.0
10,Rest,10.4,0.0
10,Rest,10.5,4.0
10,Rest,10.6,3.0
10,Rest,10.7,4.0
10,Rest,10.8,2.0
10,Rest,10.1.1,3.0
10,Rest,10.2.1,3.0
10,Rest,10.3.1,1.0
10,Rest,10.4.1,1.0
10,Rest,10.5.1,3.0
10,Rest,10.6.1,2.0
10,Rest,10.7.1,5.0
10,Rest,№,67.0
10,Rest,Теор,11.0
10,Rest,Прак,10.0
10,Rest,Блиц,22.0
10,Rest,10.1,5.0
10,Rest,10.2,2.0
10,Rest,10.3,0.0
10,Rest,10.4,1.0
10,Rest,10.5,1.0
10,Rest,10.6,2.0
10,Rest,10.7,6.0
10,Rest,10.8,4.0
10,Rest,10.1.1,4.0
10,Rest,10.2.1,3.0
10,Rest,10.3.1,1.0
10,Rest,10.4.1,3.0
10,Rest,10.5.1,1.0
10,Rest,10.6.1,5.0
10,Rest,10.7.1,5.0
10,Rest,№,68.0
10,Rest,Теор,14.0
10,Rest,Прак,8.0
10,Rest,Блиц,18.0
10,Rest,10.1,5.0
10,Rest,10.2,0.0
10,Rest,10.3,2.0
10,Rest,10.4,3.0
10,Rest,10.5,2.0
10,Rest,10.6,2.0
10,Rest,10.7,4.0
10,Rest,10.8,4.0
10,Rest,10.1.1,3.0
10,Rest,10.2.1,5.0
10,Rest,10.3.1,0.0
10,Rest,10.4.1,2.0
10,Rest,10.5.1,2.0
10,Rest,10.6.1,4.0
10,Rest,10.7.1,2.0
10,Rest,№,69.0
10,Rest,Теор,7.0
10,Rest,Прак,14.0
10,Rest,Блиц,19.0
10,Rest,10.1,5.0
10,Rest,10.2,2.0
10,Rest,10.3,0.0
10,Rest,10.4,0.0
10,Rest,10.5,0.0
10,Rest,10.6,0.0
10,Rest,10.7,12.0
10,Rest,10.8,2.0
10,Rest,10.1.1,4.0
10,Rest,10.2.1,4.0
10,Rest,10.3.1,0.0
10,Rest,10.4.1,5.0
10,Rest,10.5.1,2.0
10,Rest,10.6.1,3.0
10,Rest,10.7.1,1.0
10,Rest,№,70.0
10,Rest,Теор,14.0
10,Rest,Прак,12.0
10,Rest,Блиц,13.0
10,Rest,10.1,6.0
10,Rest,10.2,1.0
10,Rest,10.3,2.0
10,Rest,10.4,4.0
10,Rest,10.5,0.0
10,Rest,10.6,1.0
10,Rest,10.7,10.0
10,Rest,10.8,2.0
10,Rest,10.1.1,3.0
10,Rest,10.2.1,2.0
10,Rest,10.3.1,0.0
10,Rest,10.4.1,3.0
10,Rest,10.5.1,1.0
10,Rest,10.6.1,3.0
10,Rest,10.7.1,1.0
10,Rest,№,71.0
10,Rest,Теор,8.0
10,Rest,Прак,10.0
10,Rest,Блиц,21.0
10,Rest,10.1,4.0
10,Rest,10.2,2.0
10,Rest,10.3,1.0
10,Rest,10.4,1.0
10,Rest,10.5,0.0
10,Rest,10.6,0.0
10,Rest,10.7,6.0
10,Rest,10.8,4.0
10,Rest,10.1.1,3.0
10,Rest,10.2.1,4.0
10,Rest,10.3.1,0.0
10,Rest,10.4.1,3.0
10,Rest,10.5.1,3.0
10,Rest,10.6.1,3.0
10,Rest,10.7.1,5.0
10,Rest,№,72.0
10,Rest,Теор,15.0
10,Rest,Прак,10.0
10,Rest,Блиц,13.0
10,Rest,10.1,4.0
10,Rest,10.2,1.0
10,Rest,10.3,7.0
10,Rest,10.4,1.0
10,Rest,10.5,2.0
10,Rest,10.6,0.0
10,Rest,10.7,0.0
10,Rest,10.8,10.0
10,Rest,10.1.1,1.0
10,Rest,10.2.1,3.0
10,Rest,10.3.1,0.0
10,Rest,10.4.1,2.0
10,Rest,10.5.1,3.0
10,Rest,10.6.1,3.0
10,Rest,10.7.1,1.0
10,MO,№,73.0
10,MO,Теор,11.0
10,MO,Прак,4.0
10,MO,Блиц,20.0
10,MO,10.1,9.0
10,MO,10.2,2.0
10,MO,10.3,0.0
10,MO,10.4,0.0
10,MO,10.5,0.0
10,MO,10.6,0.0
10,MO,10.7,3.0
10,MO,10.8,1.0
10,MO,10.1.1,3.0
10,MO,10.2.1,4.0
10,MO,10.3.1,0.0
10,MO,10.4.1,2.0
10,MO,10.5.1,2.0
10,MO,10.6.1,4.0
10,MO,10.7.1,5.0
10,Rest,№,74.0
10,Rest,Теор,11.0
10,Rest,Прак,10.0
10,Rest,Блиц,14.0
10,Rest,10.1,9.0
10,Rest,10.2,2.0
10,Rest,10.3,0.0
10,Rest,10.4,0.0
10,Rest,10.5,0.0
10,Rest,10.6,0.0
10,Rest,10.7,3.0
10,Rest,10.8,7.0
10,Rest,10.1.1,0.0
10,Rest,10.2.1,4.0
10,Rest,10.3.1,1.0
10,Rest,10.4.1,2.0
10,Rest,10.5.1,2.0
10,Rest,10.6.1,3.0
10,Rest,10.7.1,2.0
10,Rest,№,75.0
10,Rest,Теор,12.0
10,Rest,Прак,2.0
10,Rest,Блиц,19.0
10,Rest,10.1,3.0
10,Rest,10.2,1.0
10,Rest,10.3,6.0
10,Rest,10.4,0.0
10,Rest,10.5,1.0
10,Rest,10.6,1.0
10,Rest,10.7,1.0
10,Rest,10.8,1.0
10,Rest,10.1.1,3.0
10,Rest,10.2.1,0.0
10,Rest,10.3.1,4.0
10,Rest,10.4.1,2.0
10,Rest,10.5.1,4.0
10,Rest,10.6.1,3.0
10,Rest,10.7.1,3.0
10,Rest,№,76.0
10,Rest,Теор,6.0
10,Rest,Прак,9.0
10,Rest,Блиц,17.0
10,Rest,10.1,4.0
10,Rest,10.2,1.0
10,Rest,10.3,1.0
10,Rest,10.4,0.0
10,Rest,10.5,0.0
10,Rest,10.6,0.0
10,Rest,10.7,7.0
10,Rest,10.8,2.0
10,Rest,10.1.1,2.0
10,Rest,10.2.1,5.0
10,Rest,10.3.1,1.0
10,Rest,10.4.1,2.0
10,Rest,10.5.1,3.0
10,Rest,10.6.1,3.0
10,Rest,10.7.1,1.0
10,Rest,№,77.0
10,Rest,Теор,11.0
10,Rest,Прак,5.0
10,Rest,Блиц,15.0
10,Rest,10.1,4.0
10,Rest,10.2,2.0
10,Rest,10.3,0.0
10,Rest,10.4,2.0
10,Rest,10.5,3.0
10,Rest,10.6,0.0
10,Rest,10.7,4.0
10,Rest,10.8,1.0
10,Rest,10.1.1,3.0
10,Rest,10.2.1,2.0
10,Rest,10.3.1,0.0
10,Rest,10.4.1,0.0
10,Rest,10.5.1,1.0
10,Rest,10.6.1,5.0
10,Rest,10.7.1,4.0
10,Rest,№,78.0
10,Rest,Теор,0.0
10,Rest,Прак,4.0
10,Rest,Блиц,16.0
10,Rest,10.1,0.0
10,Rest,10.2,0.0
10,Rest,10.3,0.0
10,Rest,10.4,0.0
10,Rest,10.5,0.0
10,Rest,10.6,0.0
10,Rest,10.7,1.0
10,Rest,10.8,3.0
10,Rest,10.1.1,2.0
10,Rest,10.2.1,5.0
10,Rest,10.3.1,0.0
10,Rest,10.4.1,0.0
10,Rest,10.5.1,4.0
10,Rest,10.6.1,3.0
10,Rest,10.7.1,2.0
11,MO,№,1.0
11,MO,Теор,51.0
11,MO,Прак,20.0
11,MO,Блиц,27.0
11,MO,11.1,7.0
11,MO,11.2,8.0
11,MO,11.3,10.0
11,MO,11.4,10.0
11,MO,11.5,10.0
11,MO,11.6,6.0
11,MO,11.7,11.0
11,MO,11.8,9.0
11,MO,11.1.1,4.0
11,MO,11.2.1,4.0
11,MO,11.3.1,2.0
11,MO,11.4.1,5.0
11,MO,11.5.1,2.0
11,MO,11.6.1,5.0
11,MO,11.7.1,5.0
11,Rest,№,2.0
11,Rest,Теор,47.0
11,Rest,Прак,21.0
11,Rest,Блиц,27.0
11,Rest,11.1,9.0
11,Rest,11.2,4.0
11,Rest,11.3,5.0
11,Rest,11.4,9.0
11,Rest,11.5,10.0
11,Rest,11.6,10.0
11,Rest,11.7,6.0
11,Rest,11.8,15.0
11,Rest,11.1.1,4.0
11,Rest,11.2.1,5.0
11,Rest,11.3.1,0.0
11,Rest,11.4.1,3.0
11,Rest,11.5.1,5.0
11,Rest,11.6.1,5.0
11,Rest,11.7.1,5.0
11,Rest,№,3.0
11,Rest,Теор,49.0
11,Rest,Прак,21.0
11,Rest,Блиц,25.0
11,Rest,11.1,8.0
11,Rest,11.2,8.0
11,Rest,11.3,10.0
11,Rest,11.4,10.0
11,Rest,11.5,4.0
11,Rest,11.6,9.0
11,Rest,11.7,6.0
11,Rest,11.8,15.0
11,Rest,11.1.1,4.0
11,Rest,11.2.1,5.0
11,Rest,11.3.1,1.0
11,Rest,11.4.1,3.0
11,Rest,11.5.1,5.0
11,Rest,11.6.1,4.0
11,Rest,11.7.1,3.0
11,Rest,№,4.0
11,Rest,Теор,49.0
11,Rest,Прак,17.0
11,Rest,Блиц,28.0
11,Rest,11.1,10.0
11,Rest,11.2,7.0
11,Rest,11.3,9.0
11,Rest,11.4,10.0
11,Rest,11.5,3.0
11,Rest,11.6,10.0
11,Rest,11.7,3.0
11,Rest,11.8,14.0
11,Rest,11.1.1,4.0
11,Rest,11.2.1,5.0
11,Rest,11.3.1,2.0
11,Rest,11.4.1,5.0
11,Rest,11.5.1,2.0
11,Rest,11.6.1,5.0
11,Rest,11.7.1,5.0
11,Rest,№,5.0
11,Rest,Теор,46.0
11,Rest,Прак,13.0
11,Rest,Блиц,30.0
11,Rest,11.1,10.0
11,Rest,11.2,4.0
11,Rest,11.3,10.0
11,Rest,11.4,9.0
11,Rest,11.5,7.0
11,Rest,11.6,6.0
11,Rest,11.7,3.0
11,Rest,11.8,10.0
11,Rest,11.1.1,5.0
11,Rest,11.2.1,5.0
11,Rest,11.3.1,2.0
11,Rest,11.4.1,5.0
11,Rest,11.5.1,5.0
11,Rest,11.6.1,3.0
11,Rest,11.7.1,5.0
11,MO,№,6.0
11,MO,Теор,42.0
11,MO,Прак,21.0
11,MO,Блиц,25.0
11,MO,11.1,8.0
11,MO,11.2,6.0
11,MO,11.3,1.0
11,MO,11.4,9.0
11,MO,11.5,8.0
11,MO,11.6,10.0
11,MO,11.7,6.0
11,MO,11.8,15.0
11,MO,11.1.1,3.0
11,MO,11.2.1,5.0
11,MO,11.3.1,0.0
11,MO,11.4.1,3.0
11,MO,11.5.1,4.0
11,MO,11.6.1,5.0
11,MO,11.7.1,5.0
11,Rest,№,7.0
11,Rest,Теор,42.0
11,Rest,Прак,14.0
11,Rest,Блиц,30.0
11,Rest,11.1,9.0
11,Rest,11.2,6.0
11,Rest,11.3,10.0
11,Rest,11.4,10.0
11,Rest,11.5,2.0
11,Rest,11.6,5.0
11,Rest,11.7,0.0
11,Rest,11.8,14.0
11,Rest,11.1.1,3.0
11,Rest,11.2.1,5.0
11,Rest,11.3.1,3.0
11,Rest,11.4.1,5.0
11,Rest,11.5.1,4.0
11,Rest,11.6.1,5.0
11,Rest,11.7.1,5.0
11,Rest,№,8.0
11,Rest,Теор,42.0
11,Rest,Прак,16.0
11,Rest,Блиц,25.0
11,Rest,11.1,10.0
11,Rest,11.2,10.0
11,Rest,11.3,2.0
11,Rest,11.4,10.0
11,Rest,11.5,0.0
11,Rest,11.6,10.0
11,Rest,11.7,1.0
11,Rest,11.8,15.0
11,Rest,11.1.1,5.0
11,Rest,11.2.1,5.0
11,Rest,11.3.1,0.0
11,Rest,11.4.1,4.0
11,Rest,11.5.1,2.0
11,Rest,11.6.1,4.0
11,Rest,11.7.1,5.0
11,Rest,№,9.0
11,Rest,Теор,38.0
11,Rest,Прак,15.0
11,Rest,Блиц,29.0
11,Rest,11.1,8.0
11,Rest,11.2,5.0
11,Rest,11.3,9.0
11,Rest,11.4,10.0
11,Rest,11.5,2.0
11,Rest,11.6,4.0
11,Rest,11.7,5.0
11,Rest,11.8,10.0
11,Rest,11.1.1,4.0
11,Rest,11.2.1,5.0
11,Rest,11.3.1,0.0
11,Rest,11.4.1,5.0
11,Rest,11.5.1,5.0
11,Rest,11.6.1,5.0
11,Rest,11.7.1,5.0
11,Rest,№,10.0
11,Rest,Теор,39.0
11,Rest,Прак,19.0
11,Rest,Блиц,24.0
11,Rest,11.1,8.0
11,Rest,11.2,2.0
11,Rest,11.3,10.0
11,Rest,11.4,8.0
11,Rest,11.5,1.0
11,Rest,11.6,10.0
11,Rest,11.7,4.0
11,Rest,11.8,15.0
11,Rest,11.1.1,4.0
11,Rest,11.2.1,5.0
11,Rest,11.3.1,0.0
11,Rest,11.4.1,2.0
11,Rest,11.5.1,3.0
11,Rest,11.6.1,5.0
11,Rest,11.7.1,5.0
11,Rest,№,11.0
11,Rest,Теор,40.0
11,Rest,Прак,10.0
11,Rest,Блиц,30.0
11,Rest,11.1,10.0
11,Rest,11.2,6.0
11,Rest,11.3,10.0
11,Rest,11.4,8.0
11,Rest,11.5,3.0
11,Rest,11.6,3.0
11,Rest,11.7,2.0
11,Rest,11.8,8.0
11,Rest,11.1.1,5.0
11,Rest,11.2.1,5.0
11,Rest,11.3.1,1.0
11,Rest,11.4.1,5.0
11,Rest,11.5.1,4.0
11,Rest,11.6.1,5.0
11,Rest,11.7.1,5.0
11,Rest,№,12.0
11,Rest,Теор,36.0
11,Rest,Прак,14.0
11,Rest,Блиц,28.0
11,Rest,11.1,7.0
11,Rest,11.2,5.0
11,Rest,11.3,2.0
11,Rest,11.4,10.0
11,Rest,11.5,2.0
11,Rest,11.6,10.0
11,Rest,11.7,2.0
11,Rest,11.8,12.0
11,Rest,11.1.1,4.0
11,Rest,11.2.1,5.0
11,Rest,11.3.1,1.0
11,Rest,11.4.1,5.0
11,Rest,11.5.1,4.0
11,Rest,11.6.1,4.0
11,Rest,11.7.1,5.0
11,Rest,№,13.0
11,Rest,Теор,32.0
11,Rest,Прак,18.0
11,Rest,Блиц,27.0
11,Rest,11.1,7.0
11,Rest,11.2,4.0
11,Rest,11.3,1.0
11,Rest,11.4,9.0
11,Rest,11.5,1.0
11,Rest,11.6,10.0
11,Rest,11.7,8.0
11,Rest,11.8,10.0
11,Rest,11.1.1,4.0
11,Rest,11.2.1,5.0
11,Rest,11.3.1,0.0
11,Rest,11.4.1,5.0
11,Rest,11.5.1,4.0
11,Rest,11.6.1,4.0
11,Rest,11.7.1,5.0
11,MO,№,14.0
11,MO,Теор,35.0
11,MO,Прак,16.0
11,MO,Блиц,25.0
11,MO,11.1,10.0
11,MO,11.2,4.0
11,MO,11.3,3.0
11,MO,11.4,5.0
11,MO,11.5,3.0
11,MO,11.6,10.0
11,MO,11.7,6.0
11,MO,11.8,10.0
11,MO,11.1.1,5.0
11,MO,11.2.1,3.0
11,MO,11.3.1,0.0
11,MO,11.4.1,5.0
11,MO,11.5.1,3.0
11,MO,11.6.1,4.0
11,MO,11.7.1,5.0
11,MO,№,15.0
11,MO,Теор,32.0
11,MO,Прак,16.0
11,MO,Блиц,27.0
11,MO,11.1,10.0
11,MO,11.2,1.0
11,MO,11.3,1.0
11,MO,11.4,6.0
11,MO,11.5,4.0
11,MO,11.6,10.0
11,MO,11.7,1.0
11,MO,11.8,15.0
11,MO,11.1.1,5.0
11,MO,11.2.1,5.0
11,MO,11.3.1,3.0
11,MO,11.4.1,2.0
11,MO,11.5.1,3.0
11,MO,11.6.1,4.0
11,MO,11.7.1,5.0
11,Rest,№,16.0
11,Rest,Теор,34.0
11,Rest,Прак,17.0
11,Rest,Блиц,23.0
11,Rest,11.1,8.0
11,Rest,11.2,4.0
11,Rest,11.3,3.0
11,Rest,11.4,9.0
11,Rest,11.5,5.0
11,Rest,11.6,5.0
11,Rest,11.7,2.0
11,Rest,11.8,15.0
11,Rest,11.1.1,1.0
11,Rest,11.2.1,5.0
11,Rest,11.3.1,0.0
11,Rest,11.4.1,5.0
11,Rest,11.5.1,4.0
11,Rest,11.6.1,3.0
11,Rest,11.7.1,5.0
11,MO,№,17.0
11,MO,Теор,28.0
11,MO,Прак,13.0
11,MO,Блиц,31.0
11,MO,11.1,8.0
11,MO,11.2,4.0
11,MO,11.3,1.0
11,MO,11.4,7.0
11,MO,11.5,0.0
11,MO,11.6,8.0
11,MO,11.7,1.0
11,MO,11.8,12.0
11,MO,11.1.1,4.0
11,MO,11.2.1,4.0
11,MO,11.3.1,4.0
11,MO,11.4.1,4.0
11,MO,11.5.1,5.0
11,MO,11.6.1,5.0
11,MO,11.7.1,5.0
11,Rest,№,18.0
11,Rest,Теор,29.0
11,Rest,Прак,16.0
11,Rest,Блиц,25.0
11,Rest,11.1,10.0
11,Rest,11.2,2.0
11,Rest,11.3,2.0
11,Rest,11.4,10.0
11,Rest,11.5,2.0
11,Rest,11.6,3.0
11,Rest,11.7,1.0
11,Rest,11.8,15.0
11,Rest,11.1.1,4.0
11,Rest,11.2.1,5.0
11,Rest,11.3.1,0.0
11,Rest,11.4.1,2.0
11,Rest,11.5.1,5.0
11,Rest,11.6.1,4.0
11,Rest,11.7.1,5.0
11,Rest,№,19.0
11,Rest,Теор,26.0
11,Rest,Прак,17.0
11,Rest,Блиц,27.0
11,Rest,11.1,8.0
11,Rest,11.2,2.0
11,Rest,11.3,5.0
11,Rest,11.4,10.0
11,Rest,11.5,1.0
11,Rest,11.6,0.0
11,Rest,11.7,2.0
11,Rest,11.8,15.0
11,Rest,11.1.1,4.0
11,Rest,11.2.1,5.0
11,Rest,11.3.1,4.0
11,Rest,11.4.1,2.0
11,Rest,11.5.1,4.0
11,Rest,11.6.1,5.0
11,Rest,11.7.1,3.0
11,Rest,№,20.0
11,Rest,Теор,31.0
11,Rest,Прак,16.0
11,Rest,Блиц,23.0
11,Rest,11.1,8.0
11,Rest,11.2,7.0
11,Rest,11.3,1.0
11,Rest,11.4,8.0
11,Rest,11.5,2.0
11,Rest,11.6,5.0
11,Rest,11.7,6.0
11,Rest,11.8,10.0
11,Rest,11.1.1,4.0
11,Rest,11.2.1,5.0
11,Rest,11.3.1,1.0
11,Rest,11.4.1,4.0
11,Rest,11.5.1,3.0
11,Rest,11.6.1,3.0
11,Rest,11.7.1,3.0
11,Rest,№,21.0
11,Rest,Теор,31.0
11,Rest,Прак,14.0
11,Rest,Блиц,21.0
11,Rest,11.1,10.0
11,Rest,11.2,1.0
11,Rest,11.3,4.0
11,Rest,11.4,10.0
11,Rest,11.5,2.0
11,Rest,11.6,4.0
11,Rest,11.7,3.0
11,Rest,11.8,11.0
11,Rest,11.1.1,4.0
11,Rest,11.2.1,3.0
11,Rest,11.3.1,0.0
11,Rest,11.4.1,2.0
11,Rest,11.5.1,2.0
11,Rest,11.6.1,5.0
11,Rest,11.7.1,5.0
11,MO,№,22.0
11,MO,Теор,26.0
11,MO,Прак,17.0
11,MO,Блиц,23.0
11,MO,11.1,5.0
11,MO,11.2,0.0
11,MO,11.3,4.0
11,MO,11.4,0.0
11,MO,11.5,7.0
11,MO,11.6,10.0
11,MO,11.7,3.0
11,MO,11.8,14.0
11,MO,11.1.1,3.0
11,MO,11.2.1,5.0
11,MO,11.3.1,0.0
11,MO,11.4.1,3.0
11,MO,11.5.1,4.0
11,MO,11.6.1,3.0
11,MO,11.7.1,5.0
11,MO,№,23.0
11,MO,Теор,34.0
11,MO,Прак,4.0
11,MO,Блиц,27.0
11,MO,11.1,10.0
11,MO,11.2,1.0
11,MO,11.3,10.0
11,MO,11.4,10.0
11,MO,11.5,1.0
11,MO,11.6,2.0
11,MO,11.7,0.0
11,MO,11.8,4.0
11,MO,11.1.1,3.0
11,MO,11.2.1,4.0
11,MO,11.3.1,4.0
11,MO,11.4.1,5.0
11,MO,11.5.1,2.0
11,MO,11.6.1,4.0
11,MO,11.7.1,5.0
11,MO,№,24.0
11,MO,Теор,32.0
11,MO,Прак,18.0
11,MO,Блиц,14.0
11,MO,11.1,6.0
11,MO,11.2,1.0
11,MO,11.3,4.0
11,MO,11.4,1.0
11,MO,11.5,10.0
11,MO,11.6,10.0
11,MO,11.7,3.0
11,MO,11.8,15.0
11,MO,11.1.1,1.0
11,MO,11.2.1,5.0
11,MO,11.3.1,0.0
11,MO,11.4.1,1.0
11,MO,11.5.1,1.0
11,MO,11.6.1,4.0
11,MO,11.7.1,2.0
11,MO,№,25.0
11,MO,Теор,23.0
11,MO,Прак,21.0
11,MO,Блиц,20.0
11,MO,11.1,7.0
11,MO,11.2,1.0
11,MO,11.3,1.0
11,MO,11.4,5.0
11,MO,11.5,5.0
11,MO,11.6,4.0
11,MO,11.7,6.0
11,MO,11.8,15.0
11,MO,11.1.1,4.0
11,MO,11.2.1,4.0
11,MO,11.3.1,0.0
11,MO,11.4.1,2.0
11,MO,11.5.1,1.0
11,MO,11.6.1,4.0
11,MO,11.7.1,5.0
11,MO,№,26.0
11,MO,Теор,22.0
11,MO,Прак,16.0
11,MO,Блиц,26.0
11,MO,11.1,8.0
11,MO,11.2,0.0
11,MO,11.3,6.0
11,MO,11.4,5.0
11,MO,11.5,1.0
11,MO,11.6,2.0
11,MO,11.7,3.0
11,MO,11.8,13.0
11,MO,11.1.1,5.0
11,MO,11.2.1,4.0
11,MO,11.3.1,0.0
11,MO,11.4.1,4.0
11,MO,11.5.1,3.0
11,MO,11.6.1,5.0
11,MO,11.7.1,5.0
11,Rest,№,27.0
11,Rest,Теор,29.0
11,Rest,Прак,12.0
11,Rest,Блиц,23.0
11,Rest,11.1,10.0
11,Rest,11.2,1.0
11,Rest,11.3,3.0
11,Rest,11.4,6.0
11,Rest,11.5,5.0
11,Rest,11.6,4.0
11,Rest,11.7,0.0
11,Rest,11.8,12.0
11,Rest,11.1.1,3.0
11,Rest,11.2.1,5.0
11,Rest,11.3.1,0.0
11,Rest,11.4.1,2.0
11,Rest,11.5.1,4.0
11,Rest,11.6.1,4.0
11,Rest,11.7.1,5.0
11,Rest,№,28.0
11,Rest,Теор,25.0
11,Rest,Прак,15.0
11,Rest,Блиц,22.0
11,Rest,11.1,7.0
11,Rest,11.2,0.0
11,Rest,11.3,6.0
11,Rest,11.4,8.0
11,Rest,11.5,0.0
11,Rest,11.6,4.0
11,Rest,11.7,1.0
11,Rest,11.8,14.0
11,Rest,11.1.1,4.0
11,Rest,11.2.1,4.0
11,Rest,11.3.1,0.0
11,Rest,11.4.1,2.0
11,Rest,11.5.1,2.0
11,Rest,11.6.1,5.0
11,Rest,11.7.1,5.0
11,Rest,№,29.0
11,Rest,Теор,24.0
11,Rest,Прак,16.0
11,Rest,Блиц,21.0
11,Rest,11.1,10.0
11,Rest,11.2,1.0
11,Rest,11.3,6.0
11,Rest,11.4,5.0
11,Rest,11.5,1.0
11,Rest,11.6,1.0
11,Rest,11.7,2.0
11,Rest,11.8,14.0
11,Rest,11.1.1,3.0
11,Rest,11.2.1,5.0
11,Rest,11.3.1,1.0
11,Rest,11.4.1,2.0
11,Rest,11.5.1,1.0
11,Rest,11.6.1,4.0
11,Rest,11.7.1,5.0
11,Rest,№,30.0
11,Rest,Теор,21.0
11,Rest,Прак,17.0
11,Rest,Блиц,23.0
11,Rest,11.1,5.0
11,Rest,11.2,1.0
11,Rest,11.3,2.0
11,Rest,11.4,9.0
11,Rest,11.5,0.0
11,Rest,11.6,4.0
11,Rest,11.7,2.0
11,Rest,11.8,15.0
11,Rest,11.1.1,4.0
11,Rest,11.2.1,5.0
11,Rest,11.3.1,1.0
11,Rest,11.4.1,4.0
11,Rest,11.5.1,2.0
11,Rest,11.6.1,5.0
11,Rest,11.7.1,2.0
11,MO,№,31.0
11,MO,Теор,19.0
11,MO,Прак,16.0
11,MO,Блиц,26.0
11,MO,11.1,10.0
11,MO,11.2,6.0
11,MO,11.3,1.0
11,MO,11.4,0.0
11,MO,11.5,0.0
11,MO,11.6,2.0
11,MO,11.7,1.0
11,MO,11.8,15.0
11,MO,11.1.1,4.0
11,MO,11.2.1,5.0
11,MO,11.3.1,1.0
11,MO,11.4.1,3.0
11,MO,11.5.1,3.0
11,MO,11.6.1,5.0
11,MO,11.7.1,5.0
11,MO,№,32.0
11,MO,Теор,25.0
11,MO,Прак,9.0
11,MO,Блиц,26.0
11,MO,11.1,10.0
11,MO,11.2,1.0
11,MO,11.3,8.0
11,MO,11.4,5.0
11,MO,11.5,0.0
11,MO,11.6,1.0
11,MO,11.7,5.0
11,MO,11.8,4.0
11,MO,11.1.1,4.0
11,MO,11.2.1,3.0
11,MO,11.3.1,5.0
11,MO,11.4.1,2.0
11,MO,11.5.1,3.0
11,MO,11.6.1,4.0
11,MO,11.7.1,5.0
11,Rest,№,33.0
11,Rest,Теор,25.0
11,Rest,Прак,5.0
11,Rest,Блиц,29.0
11,Rest,11.1,10.0
11,Rest,11.2,2.0
11,Rest,11.3,4.0
11,Rest,11.4,3.0
11,Rest,11.5,1.0
11,Rest,11.6,5.0
11,Rest,11.7,1.0
11,Rest,11.8,4.0
11,Rest,11.1.1,4.0
11,Rest,11.2.1,5.0
11,Rest,11.3.1,4.0
11,Rest,11.4.1,5.0
11,Rest,11.5.1,3.0
11,Rest,11.6.1,3.0
11,Rest,11.7.1,5.0
11,Rest,№,34.0
11,Rest,Теор,24.0
11,Rest,Прак,9.0
11,Rest,Блиц,26.0
11,Rest,11.1,8.0
11,Rest,11.2,4.0
11,Rest,11.3,4.0
11,Rest,11.4,6.0
11,Rest,11.5,0.0
11,Rest,11.6,2.0
11,Rest,11.7,3.0
11,Rest,11.8,6.0
11,Rest,11.1.1,3.0
11,Rest,11.2.1,5.0
11,Rest,11.3.1,1.0
11,Rest,11.4.1,3.0
11,Rest,11.5.1,4.0
11,Rest,11.6.1,5.0
11,Rest,11.7.1,5.0
11,MO,№,35.0
11,MO,Теор,15.0
11,MO,Прак,15.0
11,MO,Блиц,28.0
11,MO,11.1,9.0
11,MO,11.2,2.0
11,MO,11.3,0.0
11,MO,11.4,0.0
11,MO,11.5,0.0
11,MO,11.6,4.0
11,MO,11.7,0.0
11,MO,11.8,15.0
11,MO,11.1.1,3.0
11,MO,11.2.1,5.0
11,MO,11.3.1,5.0
11,MO,11.4.1,3.0
11,MO,11.5.1,2.0
11,MO,11.6.1,5.0
11,MO,11.7.1,5.0
11,Rest,№,36.0
11,Rest,Теор,30.0
11,Rest,Прак,6.0
11,Rest,Блиц,22.0
11,Rest,11.1,10.0
11,Rest,11.2,7.0
11,Rest,11.3,5.0
11,Rest,11.4,5.0
11,Rest,11.5,1.0
11,Rest,11.6,2.0
11,Rest,11.7,3.0
11,Rest,11.8,3.0
11,Rest,11.1.1,3.0
11,Rest,11.2.1,4.0
11,Rest,11.3.1,0.0
11,Rest,11.4.1,2.0
11,Rest,11.5.1,3.0
11,Rest,11.6.1,5.0
11,Rest,11.7.1,5.0
11,Rest,№,37.0
11,Rest,Теор,24.0
11,Rest,Прак,8.0
11,Rest,Блиц,24.0
11,Rest,11.1,9.0
11,Rest,11.2,5.0
11,Rest,11.3,1.0
11,Rest,11.4,7.0
11,Rest,11.5,0.0
11,Rest,11.6,2.0
11,Rest,11.7,1.0
11,Rest,11.8,7.0
11,Rest,11.1.1,4.0
11,Rest,11.2.1,5.0
11,Rest,11.3.1,1.0
11,Rest,11.4.1,2.0
11,Rest,11.5.1,2.0
11,Rest,11.6.1,5.0
11,Rest,11.7.1,5.0
11,Rest,№,38.0
11,Rest,Теор,24.0
11,Rest,Прак,14.0
11,Rest,Блиц,18.0
11,Rest,11.1,8.0
11,Rest,11.2,1.0
11,Rest,11.3,3.0
11,Rest,11.4,8.0
11,Rest,11.5,1.0
11,Rest,11.6,3.0
11,Rest,11.7,4.0
11,Rest,11.8,10.0
11,Rest,11.1.1,2.0
11,Rest,11.2.1,4.0
11,Rest,11.3.1,0.0
11,Rest,11.4.1,3.0
11,Rest,11.5.1,1.0
11,Rest,11.6.1,3.0
11,Rest,11.7.1,5.0
11,Rest,№,39.0
11,Rest,Теор,22.0
11,Rest,Прак,7.0
11,Rest,Блиц,27.0
11,Rest,11.1,7.0
11,Rest,11.2,0.0
11,Rest,11.3,5.0
11,Rest,11.4,6.0
11,Rest,11.5,1.0
11,Rest,11.6,3.0
11,Rest,11.7,1.0
11,Rest,11.8,6.0
11,Rest,11.1.1,3.0
11,Rest,11.2.1,5.0
11,Rest,11.3.1,2.0
11,Rest,11.4.1,2.0
11,Rest,11.5.1,5.0
11,Rest,11.6.1,5.0
11,Rest,11.7.1,5.0
11,Rest,№,40.0
11,Rest,Теор,21.0
11,Rest,Прак,15.0
11,Rest,Блиц,19.0
11,Rest,11.1,9.0
11,Rest,11.2,0.0
11,Rest,11.3,1.0
11,Rest,11.4,5.0
11,Rest,11.5,3.0
11,Rest,11.6,3.0
11,Rest,11.7,2.0
11,Rest,11.8,13.0
11,Rest,11.1.1,3.0
11,Rest,11.2.1,5.0
11,Rest,11.3.1,0.0
11,Rest,11.4.1,2.0
11,Rest,11.5.1,1.0
11,Rest,11.6.1,3.0
11,Rest,11.7.1,5.0
11,Rest,№,41.0
11,Rest,Теор,27.0
11,Rest,Прак,3.0
11,Rest,Блиц,24.0
11,Rest,11.1,9.0
11,Rest,11.2,1.0
11,Rest,11.3,8.0
11,Rest,11.4,6.0
11,Rest,11.5,1.0
11,Rest,11.6,2.0
11,Rest,11.7,0.0
11,Rest,11.8,3.0
11,Rest,11.1.1,3.0
11,Rest,11.2.1,3.0
11,Rest,11.3.1,2.0
11,Rest,11.4.1,3.0
11,Rest,11.5.1,4.0
11,Rest,11.6.1,4.0
11,Rest,11.7.1,5.0
11,Rest,№,42.0
11,Rest,Теор,26.0
11,Rest,Прак,7.0
11,Rest,Блиц,20.0
11,Rest,11.1,8.0
11,Rest,11.2,1.0
11,Rest,11.3,7.0
11,Rest,11.4,4.0
11,Rest,11.5,4.0
11,Rest,11.6,2.0
11,Rest,11.7,3.0
11,Rest,11.8,4.0
11,Rest,11.1.1,2.0
11,Rest,11.2.1,5.0
11,Rest,11.3.1,1.0
11,Rest,11.4.1,0.0
11,Rest,11.5.1,4.0
11,Rest,11.6.1,3.0
11,Rest,11.7.1,5.0
11,Rest,№,43.0
11,Rest,Теор,21.0
11,Rest,Прак,7.0
11,Rest,Блиц,23.0
11,Rest,11.1,9.0
11,Rest,11.2,0.0
11,Rest,11.3,3.0
11,Rest,11.4,6.0
11,Rest,11.5,0.0
11,Rest,11.6,3.0
11,Rest,11.7,0.0
11,Rest,11.8,7.0
11,Rest,11.1.1,3.0
11,Rest,11.2.1,5.0
11,Rest,11.3.1,0.0
11,Rest,11.4.1,3.0
11,Rest,11.5.1,3.0
11,Rest,11.6.1,4.0
11,Rest,11.7.1,5.0
11,Rest,№,44.0
11,Rest,Теор,19.0
11,Rest,Прак,15.0
11,Rest,Блиц,17.0
11,Rest,11.1,8.0
11,Rest,11.2,1.0
11,Rest,11.3,1.0
11,Rest,11.4,5.0
11,Rest,11.5,0.0
11,Rest,11.6,4.0
11,Rest,11.7,0.0
11,Rest,11.8,15.0
11,Rest,11.1.1,3.0
11,Rest,11.2.1,2.0
11,Rest,11.3.1,0.0
11,Rest,11.4.1,2.0
11,Rest,11.5.1,2.0
11,Rest,11.6.1,3.0
11,Rest,11.7.1,5.0
11,MO,№,45.0
11,MO,Теор,18.0
11,MO,Прак,14.0
11,MO,Блиц,19.0
11,MO,11.1,6.0
11,MO,11.2,1.0
11,MO,11.3,4.0
11,MO,11.4,2.0
11,MO,11.5,0.0
11,MO,11.6,5.0
11,MO,11.7,2.0
11,MO,11.8,12.0
11,MO,11.1.1,2.0
11,MO,11.2.1,4.0
11,MO,11.3.1,0.0
11,MO,11.4.1,0.0
11,MO,11.5.1,3.0
11,MO,11.6.1,5.0
11,MO,11.7.1,5.0
11,Rest,№,46.0
11,Rest,Теор,16.0
11,Rest,Прак,12.0
11,Rest,Блиц,23.0
11,Rest,11.1,7.0
11,Rest,11.2,0.0
11,Rest,11.3,1.0
11,Rest,11.4,5.0
11,Rest,11.5,2.0
11,Rest,11.6,1.0
11,Rest,11.7,0.0
11,Rest,11.8,12.0
11,Rest,11.1.1,4.0
11,Rest,11.2.1,5.0
11,Rest,11.3.1,2.0
11,Rest,11.4.1,2.0
11,Rest,11.5.1,3.0
11,Rest,11.6.1,2.0
11,Rest,11.7.1,5.0
11,MO,№,47.0
11,MO,Теор,24.0
11,MO,Прак,9.0
11,MO,Блиц,17.0
11,MO,11.1,6.0
11,MO,11.2,0.0
11,MO,11.3,4.0
11,MO,11.4,6.0
11,MO,11.5,6.0
11,MO,11.6,2.0
11,MO,11.7,0.0
11,MO,11.8,9.0
11,MO,11.1.1,3.0
11,MO,11.2.1,4.0
11,MO,11.3.1,0.0
11,MO,11.4.1,2.0
11,MO,11.5.1,2.0
11,MO,11.6.1,1.0
11,MO,11.7.1,5.0
11,Rest,№,48.0
11,Rest,Теор,20.0
11,Rest,Прак,9.0
11,Rest,Блиц,21.0
11,Rest,11.1,8.0
11,Rest,11.2,0.0
11,Rest,11.3,3.0
11,Rest,11.4,6.0
11,Rest,11.5,0.0
11,Rest,11.6,3.0
11,Rest,11.7,2.0
11,Rest,11.8,7.0
11,Rest,11.1.1,3.0
11,Rest,11.2.1,3.0
11,Rest,11.3.1,4.0
11,Rest,11.4.1,1.0
11,Rest,11.5.1,2.0
11,Rest,11.6.1,3.0
11,Rest,11.7.1,5.0
11,Rest,№,49.0
11,Rest,Теор,18.0
11,Rest,Прак,11.0
11,Rest,Блиц,21.0
11,Rest,11.1,8.0
11,Rest,11.2,1.0
11,Rest,11.3,0.0
11,Rest,11.4,4.0
11,Rest,11.5,1.0
11,Rest,11.6,4.0
11,Rest,11.7,3.0
11,Rest,11.8,8.0
11,Rest,11.1.1,5.0
11,Rest,11.2.1,4.0
11,Rest,11.3.1,0.0
11,Rest,11.4.1,2.0
11,Rest,11.5.1,1.0
11,Rest,11.6.1,4.0
11,Rest,11.7.1,5.0
11,Rest,№,50.0
11,Rest,Теор,24.0
11,Rest,Прак,7.0
11,Rest,Блиц,19.0
11,Rest,11.1,10.0
11,Rest,11.2,0.0
11,Rest,11.3,4.0
11,Rest,11.4,6.0
11,Rest,11.5,4.0
11,Rest,11.6,0.0
11,Rest,11.7,2.0
11,Rest,11.8,5.0
11,Rest,11.1.1,3.0
11,Rest,11.2.1,3.0
11,Rest,11.3.1,1.0
11,Rest,11.4.1,2.0
11,Rest,11.5.1,2.0
11,Rest,11.6.1,3.0
11,Rest,11.7.1,5.0
11,MO,№,51.0
11,MO,Теор,17.0
11,MO,Прак,13.0
11,MO,Блиц,19.0
11,MO,11.1,6.0
11,MO,11.2,1.0
11,MO,11.3,5.0
11,MO,11.4,0.0
11,MO,11.5,3.0
11,MO,11.6,2.0
11,MO,11.7,2.0
11,MO,11.8,11.0
11,MO,11.1.1,2.0
11,MO,11.2.1,4.0
11,MO,11.3.1,0.0
11,MO,11.4.1,0.0
11,MO,11.5.1,3.0
11,MO,11.6.1,5.0
11,MO,11.7.1,5.0
11,MO,№,52.0
11,MO,Теор,24.0
11,MO,Прак,4.0
11,MO,Блиц,21.0
11,MO,11.1,10.0
11,MO,11.2,1.0
11,MO,11.3,1.0
11,MO,11.4,10.0
11,MO,11.5,0.0
11,MO,11.6,2.0
11,MO,11.7,1.0
11,MO,11.8,3.0
11,MO,11.1.1,3.0
11,MO,11.2.1,4.0
11,MO,11.3.1,0.0
11,MO,11.4.1,3.0
11,MO,11.5.1,2.0
11,MO,11.6.1,4.0
11,MO,11.7.1,5.0
11,Rest,№,53.0
11,Rest,Теор,23.0
11,Rest,Прак,5.0
11,Rest,Блиц,21.0
11,Rest,11.1,8.0
11,Rest,11.2,1.0
11,Rest,11.3,1.0
11,Rest,11.4,10.0
11,Rest,11.5,1.0
11,Rest,11.6,2.0
11,Rest,11.7,2.0
11,Rest,11.8,3.0
11,Rest,11.1.1,4.0
11,Rest,11.2.1,4.0
11,Rest,11.3.1,0.0
11,Rest,11.4.1,2.0
11,Rest,11.5.1,3.0
11,Rest,11.6.1,3.0
11,Rest,11.7.1,5.0
11,Rest,№,54.0
11,Rest,Теор,20.0
11,Rest,Прак,10.0
11,Rest,Блиц,18.0
11,Rest,11.1,5.0
11,Rest,11.2,0.0
11,Rest,11.3,1.0
11,Rest,11.4,7.0
11,Rest,11.5,1.0
11,Rest,11.6,6.0
11,Rest,11.7,0.0
11,Rest,11.8,10.0
11,Rest,11.1.1,4.0
11,Rest,11.2.1,4.0
11,Rest,11.3.1,0.0
11,Rest,11.4.1,0.0
11,Rest,11.5.1,4.0
11,Rest,11.6.1,5.0
11,Rest,11.7.1,1.0
11,Rest,№,55.0
11,Rest,Теор,17.0
11,Rest,Прак,7.0
11,Rest,Блиц,24.0
11,Rest,11.1,4.0
11,Rest,11.2,0.0
11,Rest,11.3,1.0
11,Rest,11.4,10.0
11,Rest,11.5,0.0
11,Rest,11.6,2.0
11,Rest,11.7,2.0
11,Rest,11.8,5.0
11,Rest,11.1.1,3.0
11,Rest,11.2.1,5.0
11,Rest,11.3.1,0.0
11,Rest,11.4.1,3.0
11,Rest,11.5.1,4.0
11,Rest,11.6.1,4.0
11,Rest,11.7.1,5.0
11,MO,№,56.0
11,MO,Теор,11.0
11,MO,Прак,15.0
11,MO,Блиц,21.0
11,MO,11.1,2.0
11,MO,11.2,0.0
11,MO,11.3,0.0
11,MO,11.4,3.0
11,MO,11.5,1.0
11,MO,11.6,5.0
11,MO,11.7,1.0
11,MO,11.8,14.0
11,MO,11.1.1,3.0
11,MO,11.2.1,0.0
11,MO,11.3.1,2.0
11,MO,11.4.1,4.0
11,MO,11.5.1,2.0
11,MO,11.6.1,5.0
11,MO,11.7.1,5.0
11,Rest,№,57.0
11,Rest,Теор,27.0
11,Rest,Прак,0.0
11,Rest,Блиц,20.0
11,Rest,11.1,5.0
11,Rest,11.2,1.0
11,Rest,11.3,1.0
11,Rest,11.4,9.0
11,Rest,11.5,1.0
11,Rest,11.6,10.0
11,Rest,11.7,0.0
11,Rest,11.8,0.0
11,Rest,11.1.1,4.0
11,Rest,11.2.1,5.0
11,Rest,11.3.1,0.0
11,Rest,11.4.1,1.0
11,Rest,11.5.1,1.0
11,Rest,11.6.1,4.0
11,Rest,11.7.1,5.0
11,Rest,№,58.0
11,Rest,Теор,23.0
11,Rest,Прак,2.0
11,Rest,Блиц,22.0
11,Rest,11.1,7.0
11,Rest,11.2,7.0
11,Rest,11.3,2.0
11,Rest,11.4,4.0
11,Rest,11.5,1.0
11,Rest,11.6,2.0
11,Rest,11.7,1.0
11,Rest,11.8,1.0
11,Rest,11.1.1,5.0
11,Rest,11.2.1,4.0
11,Rest,11.3.1,0.0
11,Rest,11.4.1,2.0
11,Rest,11.5.1,2.0
11,Rest,11.6.1,4.0
11,Rest,11.7.1,5.0
11,Rest,№,59.0
11,Rest,Теор,18.0
11,Rest,Прак,7.0
11,Rest,Блиц,21.0
11,Rest,11.1,8.0
11,Rest,11.2,0.0
11,Rest,11.3,4.0
11,Rest,11.4,1.0
11,Rest,11.5,1.0
11,Rest,11.6,4.0
11,Rest,11.7,2.0
11,Rest,11.8,5.0
11,Rest,11.1.1,3.0
11,Rest,11.2.1,5.0
11,Rest,11.3.1,0.0
11,Rest,11.4.1,0.0
11,Rest,11.5.1,3.0
11,Rest,11.6.1,5.0
11,Rest,11.7.1,5.0
11,MO,№,60.0
11,MO,Теор,15.0
11,MO,Прак,9.0
11,MO,Блиц,22.0
11,MO,11.1,4.0
11,MO,11.2,1.0
11,MO,11.3,4.0
11,MO,11.4,6.0
11,MO,11.5,0.0
11,MO,11.6,0.0
11,MO,11.7,1.0
11,MO,11.8,8.0
11,MO,11.1.1,4.0
11,MO,11.2.1,4.0
11,MO,11.3.1,0.0
11,MO,11.4.1,3.0
11,MO,11.5.1,2.0
11,MO,11.6.1,4.0
11,MO,11.7.1,5.0
11,MO,№,61.0
11,MO,Теор,21.0
11,MO,Прак,6.0
11,MO,Блиц,17.0
11,MO,11.1,5.0
11,MO,11.2,2.0
11,MO,11.3,4.0
11,MO,11.4,5.0
11,MO,11.5,1.0
11,MO,11.6,4.0
11,MO,11.7,2.0
11,MO,11.8,4.0
11,MO,11.1.1,0.0
11,MO,11.2.1,3.0
11,MO,11.3.1,1.0
11,MO,11.4.1,4.0
11,MO,11.5.1,3.0
11,MO,11.6.1,1.0
11,MO,11.7.1,5.0
11,Rest,№,62.0
11,Rest,Теор,20.0
11,Rest,Прак,3.0
11,Rest,Блиц,21.0
11,Rest,11.1,7.0
11,Rest,11.2,0.0
11,Rest,11.3,1.0
11,Rest,11.4,2.0
11,Rest,11.5,1.0
11,Rest,11.6,9.0
11,Rest,11.7,3.0
11,Rest,11.8,0.0
11,Rest,11.1.1,3.0
11,Rest,11.2.1,4.0
11,Rest,11.3.1,0.0
11,Rest,11.4.1,2.0
11,Rest,11.5.1,3.0
11,Rest,11.6.1,4.0
11,Rest,11.7.1,5.0
11,Rest,№,63.0
11,Rest,Теор,16.0
11,Rest,Прак,8.0
11,Rest,Блиц,20.0
11,Rest,11.1,6.0
11,Rest,11.2,1.0
11,Rest,11.3,1.0
11,Rest,11.4,4.0
11,Rest,11.5,1.0
11,Rest,11.6,3.0
11,Rest,11.7,2.0
11,Rest,11.8,6.0
11,Rest,11.1.1,4.0
11,Rest,11.2.1,4.0
11,Rest,11.3.1,1.0
11,Rest,11.4.1,2.0
11,Rest,11.5.1,2.0
11,Rest,11.6.1,3.0
11,Rest,11.7.1,4.0
11,MO,№,64.0
11,MO,Теор,20.0
11,MO,Прак,7.0
11,MO,Блиц,17.0
11,MO,11.1,8.0
11,MO,11.2,1.0
11,MO,11.3,3.0
11,MO,11.4,6.0
11,MO,11.5,0.0
11,MO,11.6,2.0
11,MO,11.7,2.0
11,MO,11.8,5.0
11,MO,11.1.1,4.0
11,MO,11.2.1,4.0
11,MO,11.3.1,2.0
11,MO,11.4.1,0.0
11,MO,11.5.1,2.0
11,MO,11.6.1,3.0
11,MO,11.7.1,2.0
11,Rest,№,65.0
11,Rest,Теор,13.0
11,Rest,Прак,14.0
11,Rest,Блиц,16.0
11,Rest,11.1,8.0
11,Rest,11.2,0.0
11,Rest,11.3,0.0
11,Rest,11.4,5.0
11,Rest,11.5,0.0
11,Rest,11.6,0.0
11,Rest,11.7,2.0
11,Rest,11.8,12.0
11,Rest,11.1.1,2.0
11,Rest,11.2.1,4.0
11,Rest,11.3.1,2.0
11,Rest,11.4.1,0.0
11,Rest,11.5.1,3.0
11,Rest,11.6.1,0.0
11,Rest,11.7.1,5.0
11,Rest,№,66.0
11,Rest,Теор,17.0
11,Rest,Прак,10.0
11,Rest,Блиц,16.0
11,Rest,11.1,6.0
11,Rest,11.2,0.0
11,Rest,11.3,2.0
11,Rest,11.4,6.0
11,Rest,11.5,1.0
11,Rest,11.6,2.0
11,Rest,11.7,0.0
11,Rest,11.8,10.0
11,Rest,11.1.1,3.0
11,Rest,11.2.1,1.0
11,Rest,11.3.1,1.0
11,Rest,11.4.1,2.0
11,Rest,11.5.1,1.0
11,Rest,11.6.1,3.0
11,Rest,11.7.1,5.0
11,Rest,№,67.0
11,Rest,Теор,26.0
11,Rest,Прак,0.0
11,Rest,Блиц,17.0
11,Rest,11.1,7.0
11,Rest,11.2,6.0
11,Rest,11.3,1.0
11,Rest,11.4,5.0
11,Rest,11.5,1.0
11,Rest,11.6,6.0
11,Rest,11.7,0.0
11,Rest,11.8,0.0
11,Rest,11.1.1,3.0
11,Rest,11.2.1,2.0
11,Rest,11.3.1,1.0
11,Rest,11.4.1,1.0
11,Rest,11.5.1,4.0
11,Rest,11.6.1,3.0
11,Rest,11.7.1,3.0
11,Rest,№,68.0
11,Rest,Теор,18.0
11,Rest,Прак,5.0
11,Rest,Блиц,20.0
11,Rest,11.1,6.0
11,Rest,11.2,4.0
11,Rest,11.3,0.0
11,Rest,11.4,5.0
11,Rest,11.5,0.0
11,Rest,11.6,3.0
11,Rest,11.7,2.0
11,Rest,11.8,3.0
11,Rest,11.1.1,0.0
11,Rest,11.2.1,5.0
11,Rest,11.3.1,0.0
11,Rest,11.4.1,2.0
11,Rest,11.5.1,3.0
11,Rest,11.6.1,5.0
11,Rest,11.7.1,5.0
11,Rest,№,69.0
11,Rest,Теор,18.0
11,Rest,Прак,1.0
11,Rest,Блиц,23.0
11,Rest,11.1,7.0
11,Rest,11.2,3.0
11,Rest,11.3,0.0
11,Rest,11.4,7.0
11,Rest,11.5,0.0
11,Rest,11.6,1.0
11,Rest,11.7,0.0
11,Rest,11.8,1.0
11,Rest,11.1.1,3.0
11,Rest,11.2.1,5.0
11,Rest,11.3.1,3.0
11,Rest,11.4.1,2.0
11,Rest,11.5.1,2.0
11,Rest,11.6.1,5.0
11,Rest,11.7.1,3.0
11,MO,№,70.0
11,MO,Теор,19.0
11,MO,Прак,2.0
11,MO,Блиц,21.0
11,MO,11.1,8.0
11,MO,11.2,1.0
11,MO,11.3,3.0
11,MO,11.4,6.0
11,MO,11.5,0.0
11,MO,11.6,1.0
11,MO,11.7,2.0
11,MO,11.8,0.0
11,MO,11.1.1,5.0
11,MO,11.2.1,2.0
11,MO,11.3.1,5.0
11,MO,11.4.1,0.0
11,MO,11.5.1,1.0
11,MO,11.6.1,3.0
11,MO,11.7.1,5.0
11,Rest,№,71.0
11,Rest,Теор,12.0
11,Rest,Прак,6.0
11,Rest,Блиц,24.0
11,Rest,11.1,7.0
11,Rest,11.2,0.0
11,Rest,11.3,1.0
11,Rest,11.4,1.0
11,Rest,11.5,0.0
11,Rest,11.6,3.0
11,Rest,11.7,0.0
11,Rest,11.8,6.0
11,Rest,11.1.1,4.0
11,Rest,11.2.1,3.0
11,Rest,11.3.1,1.0
11,Rest,11.4.1,2.0
11,Rest,11.5.1,4.0
11,Rest,11.6.1,5.0
11,Rest,11.7.1,5.0
11,MO,№,72.0
11,MO,Теор,20.0
11,MO,Прак,2.0
11,MO,Блиц,19.0
11,MO,11.1,10.0
11,MO,11.2,0.0
11,MO,11.3,2.0
11,MO,11.4,3.0
11,MO,11.5,1.0
11,MO,11.6,4.0
11,MO,11.7,2.0
11,MO,11.8,0.0
11,MO,11.1.1,3.0
11,MO,11.2.1,1.0
11,MO,11.3.1,2.0
11,MO,11.4.1,2.0
11,MO,11.5.1,1.0
11,MO,11.6.1,5.0
11,MO,11.7.1,5.0
11,Rest,№,73.0
11,Rest,Теор,5.0
11,Rest,Прак,7.0
11,Rest,Блиц,26.0
11,Rest,11.1,1.0
11,Rest,11.2,0.0
11,Rest,11.3,2.0
11,Rest,11.4,0.0
11,Rest,11.5,0.0
11,Rest,11.6,2.0
11,Rest,11.7,0.0
11,Rest,11.8,7.0
11,Rest,11.1.1,3.0
11,Rest,11.2.1,5.0
11,Rest,11.3.1,0.0
11,Rest,11.4.1,5.0
11,Rest,11.5.1,3.0
11,Rest,11.6.1,5.0
11,Rest,11.7.1,5.0
11,Rest,№,74.0
11,Rest,Теор,13.0
11,Rest,Прак,11.0
11,Rest,Блиц,14.0
11,Rest,11.1,8.0
11,Rest,11.2,0.0
11,Rest,11.3,2.0
11,Rest,11.4,2.0
11,Rest,11.5,0.0
11,Rest,11.6,1.0
11,Rest,11.7,3.0
11,Rest,11.8,8.0
11,Rest,11.1.1,4.0
11,Rest,11.2.1,0.0
11,Rest,11.3.1,1.0
11,Rest,11.4.1,4.0
11,Rest,11.5.1,2.0
11,Rest,11.6.1,2.0
11,Rest,11.7.1,1.0
11,Rest,№,75.0
11,Rest,Теор,15.0
11,Rest,Прак,5.0
11,Rest,Блиц,18.0
11,Rest,11.1,9.0
11,Rest,11.2,0.0
11,Rest,11.3,1.0
11,Rest,11.4,4.0
11,Rest,11.5,1.0
11,Rest,11.6,0.0
11,Rest,11.7,2.0
11,Rest,11.8,3.0
11,Rest,11.1.1,3.0
11,Rest,11.2.1,3.0
11,Rest,11.3.1,1.0
11,Rest,11.4.1,0.0
11,Rest,11.5.1,3.0
11,Rest,11.6.1,3.0
11,Rest,11.7.1,5.0
11,Rest,№,76.0
11,Rest,Теор,13.0
11,Rest,Прак,3.0
11,Rest,Блиц,21.0
11,Rest,11.1,5.0
11,Rest,11.2,0.0
11,Rest,11.3,1.0
11,Rest,11.4,5.0
11,Rest,11.5,0.0
11,Rest,11.6,2.0
11,Rest,11.7,2.0
11,Rest,11.8,1.0
11,Rest,11.1.1,3.0
11,Rest,11.2.1,2.0
11,Rest,11.3.1,1.0
11,Rest,11.4.1,4.0
11,Rest,11.5.1,1.0
11,Rest,11.6.1,5.0
11,Rest,11.7.1,5.0
11,Rest,№,77.0
11,Rest,Теор,15.0
11,Rest,Прак,2.0
11,Rest,Блиц,18.0
11,Rest,11.1,5.0
11,Rest,11.2,0.0
11,Rest,11.3,1.0
11,Rest,11.4,7.0
11,Rest,11.5,0.0
11,Rest,11.6,2.0
11,Rest,11.7,0.0
11,Rest,11.8,2.0
11,Rest,11.1.1,3.0
11,Rest,11.2.1,0.0
11,Rest,11.3.1,1.0
11,Rest,11.4.1,5.0
11,Rest,11.5.1,4.0
11,Rest,11.6.1,3.0
11,Rest,11.7.1,2.0
11,Rest,№,78.0
11,Rest,Теор,13.0
11,Rest,Прак,3.0
11,Rest,Блиц,18.0
11,Rest,11.1,6.0
11,Rest,11.2,1.0
11,Rest,11.3,2.0
11,Rest,11.4,2.0
11,Rest,11.5,0.0
11,Rest,11.6,2.0
11,Rest,11.7,0.0
11,Rest,11.8,3.0
11,Rest,11.1.1,2.0
11,Rest,11.2.1,3.0
11,Rest,11.3.1,0.0
11,Rest,11.4.1,4.0
11,Rest,11.5.1,2.0
11,Rest,11.6.1,2.0
11,Rest,11.7.1,5.0
11,Rest,№,79.0
11,Rest,Теор,11.0
11,Rest,Прак,3.0
11,Rest,Блиц,19.0
11,Rest,11.1,7.0
11,Rest,11.2,0.0
11,Rest,11.3,0.0
11,Rest,11.4,3.0
11,Rest,11.5,0.0
11,Rest,11.6,1.0
11,Rest,11.7,0.0
11,Rest,11.8,3.0
11,Rest,11.1.1,3.0
11,Rest,11.2.1,5.0
11,Rest,11.3.1,0.0
11,Rest,11.4.1,3.0
11,Rest,11.5.1,3.0
11,Rest,11.6.1,3.0
11,Rest,11.7.1,2.0
11,Rest,№,80.0
11,Rest,Теор,9.0
11,Rest,Прак,1.0
11,Rest,Блиц,22.0
11,Rest,11.1,4.0
11,Rest,11.2,0.0
11,Rest,11.3,1.0
11,Rest,11.4,2.0
11,Rest,11.5,0.0
11,Rest,11.6,2.0
11,Rest,11.7,0.0
11,Rest,11.8,1.0
11,Rest,11.1.1,2.0
11,Rest,11.2.1,4.0
11,Rest,11.3.1,5.0
11,Rest,11.4.1,2.0
11,Rest,11.5.1,3.0
11,Rest,11.6.1,3.0
11,Rest,11.7.1,3.0
11,Rest,№,81.0
11,Rest,Теор,9.0
11,Rest,Прак,11.0
11,Rest,Блиц,9.0
11,Rest,11.1,4.0
11,Rest,11.2,0.0
11,Rest,11.3,0.0
11,Rest,11.4,0.0
11,Rest,11.5,1.0
11,Rest,11.6,4.0
11,Rest,11.7,1.0
11,Rest,11.8,10.0
11,Rest,11.1.1,3.0
11,Rest,11.2.1,0.0
11,Rest,11.3.1,0.0
11,Rest,11.4.1,2.0
11,Rest,11.5.1,1.0
11,Rest,11.6.1,2.0
11,Rest,11.7.1,1.0
11,Rest,№,82.0
11,Rest,Теор,13.0
11,Rest,Прак,2.0
11,Rest,Блиц,13.0
11,Rest,11.1,7.0
11,Rest,11.2,0.0
11,Rest,11.3,0.0
11,Rest,11.4,4.0
11,Rest,11.5,0.0
11,Rest,11.6,2.0
11,Rest,11.7,1.0
11,Rest,11.8,1.0
11,Rest,11.1.1,0.0
11,Rest,11.2.1,4.0
11,Rest,11.3.1,0.0
11,Rest,11.4.1,0.0
11,Rest,11.5.1,2.0
11,Rest,11.6.1,4.0
11,Rest,11.7.1,3.0
11,Rest,№,83.0
11,Rest,Теор,15.0
11,Rest,Прак,0.0
11,Rest,Блиц,13.0
11,Rest,11.1,7.0
11,Rest,11.2,0.0
11,Rest,11.3,0.0
11,Rest,11.4,6.0
11,Rest,11.5,0.0
11,Rest,11.6,2.0
11,Rest,11.7,0.0
11,Rest,11.8,0.0
11,Rest,11.1.1,0.0
11,Rest,11.2.1,0.0
11,Rest,11.3.1,1.0
11,Rest,11.4.1,3.0
11,Rest,11.5.1,3.0
11,Rest,11.6.1,4.0
11,Rest,11.7.1,2.0
11,Rest,№,84.0
11,Rest,Теор,4.0
11,Rest,Прак,6.0
11,Rest,Блиц,17.0
11,Rest,11.1,0.0
11,Rest,11.2,0.0
11,Rest,11.3,1.0
11,Rest,11.4,1.0
11,Rest,11.5,0.0
11,Rest,11.6,2.0
11,Rest,11.7,0.0
11,Rest,11.8,6.0
11,Rest,11.1.1,4.0
11,Rest,11.2.1,2.0
11,Rest,11.3.1,0.0
11,Rest,11.4.1,2.0
11,Rest,11.5.1,2.0
11,Rest,11.6.1,3.0
11,Rest,11.7.1,4.0
